"지역별(1)","지역별(2)","지역별(3)",상품군별(1),상품군별(2),판매유형별(1),2017.1/4,2017.2/4,2017.3/4,2017.4/4,2018.1/4,2018.2/4,2018.3/4,2018.4/4,2019.1/4,2019.2/4,2019.3/4,2019.4/4,2020.1/4,2020.2/4,2020.3/4,2020.4/4,2021.1/4,2021.2/4,2021.3/4,2021.4/4,2022.1/4,2022.2/4,2022.3/4,2022.4/4,2023.1/4,2023.2/4,2023.3/4,2023.4/4,2024.1/4,2024.2/4 p)
"아시아","소계","소계",컴퓨터 및 주변기기,소계,면세점 이외,-,-,-,-,-,-,-,-,-,-,-,-,-,-,-,-,-,-,-,-,-,-,-,-,343,482,1623,1019,4444,5077
"아시아","소계","소계",가전·전자·통신기기,소계,면세점 이외,-,-,-,-,-,-,-,-,-,-,-,-,-,-,-,-,-,-,-,-,-,-,-,-,3521,5308,3662,3314,2148,3359
"아시아","소계","소계",가전·전자·통신기기,가전·전자,면세점 이외,-,-,-,-,-,-,-,-,-,-,-,-,-,-,-,-,-,-,-,-,-,-,-,-,2521,2141,3469,3232,2076,3295
"아시아","소계","소계",가전·전자·통신기기,통신기기,면세점 이외,-,-,-,-,-,-,-,-,-,-,-,-,-,-,-,-,-,-,-,-,-,-,-,-,1000,3167,193,82,72,64
"아시아","소계","소계",소프트웨어,소계,면세점 이외,-,-,-,-,-,-,-,-,-,-,-,-,-,-,-,-,-,-,-,-,-,-,-,-,172,0,0,0,0,0
"아시아","소계","소계",서 적,소계,면세점 이외,-,-,-,-,-,-,-,-,-,-,-,-,-,-,-,-,-,-,-,-,-,-,-,-,1602,1432,1397,3132,1152,588
"아시아","소계","소계",사무·문구,소계,면세점 이외,-,-,-,-,-,-,-,-,-,-,-,-,-,-,-,-,-,-,-,-,-,-,-,-,937,855,1236,1246,1262,1873
"아시아","소계","소계",음반·비디오·악기,소계,면세점 이외,-,-,-,-,-,-,-,-,-,-,-,-,-,-,-,-,-,-,-,-,-,-,-,-,22229,39609,19237,24440,14843,13333
"아시아","소계","소계",의류 및 패션 관련 상품,소계,면세점 이외,-,-,-,-,-,-,-,-,-,-,-,-,-,-,-,-,-,-,-,-,-,-,-,-,30920,28019,25086,30455,29782,25244
"아시아","소계","소계",스포츠·레저용품,소계,면세점 이외,-,-,-,-,-,-,-,-,-,-,-,-,-,-,-,-,-,-,-,-,-,-,-,-,1978,1467,2316,2251,1370,2127
"아시아","소계","소계",화장품,소계,면세점 이외,-,-,-,-,-,-,-,-,-,-,-,-,-,-,-,-,-,-,-,-,-,-,-,-,34999,27176,27279,24130,22109,22636
"아시아","소계","소계",아동·유아용품,소계,면세점 이외,-,-,-,-,-,-,-,-,-,-,-,-,-,-,-,-,-,-,-,-,-,-,-,-,1386,1798,1623,1401,1479,2051
"아시아","소계","소계",음·식료품,소계,면세점 이외,-,-,-,-,-,-,-,-,-,-,-,-,-,-,-,-,-,-,-,-,-,-,-,-,4142,2967,2566,2416,2241,2120
"아시아","소계","소계",농축수산물,소계,면세점 이외,-,-,-,-,-,-,-,-,-,-,-,-,-,-,-,-,-,-,-,-,-,-,-,-,1,3,2,1,0,0
"아시아","소계","소계",생활·자동차용품,소계,면세점 이외,-,-,-,-,-,-,-,-,-,-,-,-,-,-,-,-,-,-,-,-,-,-,-,-,3488,2576,3083,3443,3196,3178
"아시아","소계","소계",기 타,소계,면세점 이외,-,-,-,-,-,-,-,-,-,-,-,-,-,-,-,-,-,-,-,-,-,-,-,-,13522,13056,10802,10383,11165,11438
"아시아","중국","소계",컴퓨터 및 주변기기,소계,면세점 이외,44,27,35,64,32,20,16,26,29,19,26,34,61,41,66,67,46,49,51,54,22,27,28,106,91,145,797,781,1590,1985
"아시아","중국","소계",가전·전자·통신기기,소계,면세점 이외,456,397,364,352,379,338,230,290,310,347,402,499,443,400,316,194,223,177,113,90,176,97,36,57,167,66,157,37,162,109
"아시아","중국","소계",가전·전자·통신기기,가전·전자,면세점 이외,-,-,-,-,-,-,-,-,-,-,-,-,-,-,-,-,-,-,-,-,-,-,-,-,164,56,56,34,153,106
"아시아","중국","소계",가전·전자·통신기기,통신기기,면세점 이외,-,-,-,-,-,-,-,-,-,-,-,-,-,-,-,-,-,-,-,-,-,-,-,-,3,10,101,3,9,3
"아시아","중국","소계",소프트웨어,소계,면세점 이외,9,12,4,54,4,6,4,13,6,1,0,0,1,2,1,0,1,0,2145,247,0,0,0,0,111,0,0,0,0,0
"아시아","중국","소계",서 적,소계,면세점 이외,1405,940,1985,1500,1272,1802,1474,1749,1551,1185,1100,1237,1575,1591,1829,1664,2734,2525,2586,2968,2358,3705,3780,820,885,964,862,2390,718,345
"아시아","중국","소계",사무·문구,소계,면세점 이외,145,97,64,95,59,81,60,95,52,48,44,43,258,76,48,21,49,51,106,44,71,224,27,70,45,47,9,10,90,374
"아시아","중국","소계",음반·비디오·악기,소계,면세점 이외,1632,1349,3028,2436,1850,3003,4519,5674,3447,9077,10470,13199,18103,26697,32589,47689,13339,18992,12676,17860,16443,27657,27811,22001,17432,27862,14371,13465,7086,8469
"아시아","중국","소계",의류 및 패션 관련 상품,소계,면세점 이외,27365,19911,15337,24351,23647,21928,17180,24856,21745,19688,16215,20196,15243,18497,17668,21660,18366,18629,15868,21377,12546,8613,7480,10547,8975,8526,7069,8431,5371,5871
"아시아","중국","소계",스포츠·레저용품,소계,면세점 이외,1089,633,596,628,490,474,435,340,455,450,557,542,449,1156,538,1856,305,296,296,251,202,378,307,211,204,233,272,273,163,193
"아시아","중국","소계",화장품,소계,면세점 이외,13317,8897,6728,17184,6937,12434,8897,15605,12303,13065,12670,21407,15779,8583,6294,8199,3633,3233,6254,8249,3709,3892,2715,2969,5285,6428,6415,4937,919,2059
"아시아","중국","소계",아동·유아용품,소계,면세점 이외,2259,1813,1466,1494,1304,1466,1209,1492,993,1227,720,1143,1301,1147,1799,1359,961,878,1355,1451,661,1581,1331,746,757,1301,812,957,1037,1537
"아시아","중국","소계",음·식료품,소계,면세점 이외,1368,856,522,817,478,433,359,425,995,438,267,444,1541,604,1263,812,674,675,653,545,582,536,575,157,378,208,96,64,70,189
"아시아","중국","소계",농축수산물,소계,면세점 이외,18,16,24,17,43,39,24,14,15,24,6,14,20,20,28,20,19,24,19,9,8,8,2,0,1,2,2,1,0,0
"아시아","중국","소계",생활·자동차용품,소계,면세점 이외,3981,2919,3982,7414,4175,3800,1660,4155,2261,2916,5507,6125,2640,2264,984,1254,1272,1087,1017,658,382,671,459,704,489,316,319,693,811,467
"아시아","중국","소계",기 타,소계,면세점 이외,886,913,765,1159,1068,1628,975,1102,924,1259,947,1774,18009,1031,944,2752,2739,2658,2354,1791,4382,2698,13402,2671,2833,3077,2333,2216,1137,1032
"아시아","일본","소계",컴퓨터 및 주변기기,소계,면세점 이외,27,29,38,35,27,42,70,25,34,28,13,63,36,43,83,31,41,26,26,23,9,21,20,35,31,148,682,60,170,185
"아시아","일본","소계",가전·전자·통신기기,소계,면세점 이외,681,679,734,637,761,651,678,145,797,658,707,182,113,63,140,88,102,94,224,302,760,660,1427,586,1063,3370,224,167,128,73
"아시아","일본","소계",가전·전자·통신기기,가전·전자,면세점 이외,-,-,-,-,-,-,-,-,-,-,-,-,-,-,-,-,-,-,-,-,-,-,-,-,92,238,136,92,73,18
"아시아","일본","소계",가전·전자·통신기기,통신기기,면세점 이외,-,-,-,-,-,-,-,-,-,-,-,-,-,-,-,-,-,-,-,-,-,-,-,-,971,3132,88,75,55,55
"아시아","일본","소계",소프트웨어,소계,면세점 이외,2,2,1,3,2,2,2,1,5,7,1,1,1,2,1,23,1,4,0,0,0,0,2668,0,36,0,0,0,0,0
"아시아","일본","소계",서 적,소계,면세점 이외,89,76,38,42,64,58,36,84,73,108,191,202,134,188,333,400,690,384,440,554,550,355,337,335,471,257,238,463,307,152
"아시아","일본","소계",사무·문구,소계,면세점 이외,537,451,429,389,510,445,523,223,729,735,855,375,349,314,424,439,1056,532,813,380,738,1553,458,1012,277,314,345,330,262,242
"아시아","일본","소계",음반·비디오·악기,소계,면세점 이외,537,716,899,673,936,1281,1122,3679,2433,1632,2592,2055,2341,2829,4522,5046,3905,3575,4330,4193,3330,3959,3639,5546,2314,10246,3674,9800,7339,3578
"아시아","일본","소계",의류 및 패션 관련 상품,소계,면세점 이외,20028,19927,22433,26644,34140,34505,32876,33221,36170,34721,31046,29601,23118,33954,29968,32412,25159,30720,27566,33090,26367,22038,18049,24353,15779,12443,11501,15129,11014,10516
"아시아","일본","소계",스포츠·레저용품,소계,면세점 이외,182,179,174,156,206,216,209,165,241,185,219,133,146,69,158,273,330,117,285,513,429,175,458,738,265,168,138,185,141,106
"아시아","일본","소계",화장품,소계,면세점 이외,1720,1191,1875,1846,1731,911,1324,1310,1895,1565,2504,4942,6131,11037,13053,11994,17992,22577,29128,27055,31215,24287,25026,23856,27731,19453,18849,17111,18805,18453
"아시아","일본","소계",아동·유아용품,소계,면세점 이외,52,43,28,40,50,53,50,102,78,165,146,189,124,206,360,663,312,258,353,213,262,218,353,401,346,347,549,219,247,322
"아시아","일본","소계",음·식료품,소계,면세점 이외,577,305,49,73,321,310,231,858,797,498,911,1037,1787,963,592,1357,3557,3575,3385,4027,3136,3993,3217,2786,3658,2659,2347,2218,1970,1738
"아시아","일본","소계",농축수산물,소계,면세점 이외,1,3,0,0,2,2,2,0,0,6,2,10,1,0,0,1,0,0,0,0,0,0,0,0,0,1,0,0,0,0
"아시아","일본","소계",생활·자동차용품,소계,면세점 이외,736,700,703,661,919,858,888,544,1590,986,1291,1113,1561,687,825,838,1152,806,1316,2638,1536,751,1351,1157,1885,1267,1147,1164,1345,1140
"아시아","일본","소계",기 타,소계,면세점 이외,4398,4325,4451,4473,4733,5376,5102,5512,5283,5436,6242,5852,5458,8035,8466,8550,10857,11758,11430,10950,9585,10099,13549,10449,10516,9758,8218,7980,9634,9875
"아시아","아세안","소계",컴퓨터 및 주변기기,소계,면세점 이외,316,294,90,75,342,283,82,137,328,321,96,79,284,118,79,60,279,103,57,34,14,8,33,58,92,62,22,41,55,52
"아시아","아세안","소계",가전·전자·통신기기,소계,면세점 이외,2241,2493,2520,2295,1682,1785,1780,2183,2252,2153,2222,2812,3457,3242,3034,2672,2298,2584,2589,2069,1855,1786,2466,2860,2258,1829,3264,3090,1840,3150
"아시아","아세안","소계",가전·전자·통신기기,가전·전자,면세점 이외,-,-,-,-,-,-,-,-,-,-,-,-,-,-,-,-,-,-,-,-,-,-,-,-,2253,1822,3264,3089,1840,3148
"아시아","아세안","소계",가전·전자·통신기기,통신기기,면세점 이외,-,-,-,-,-,-,-,-,-,-,-,-,-,-,-,-,-,-,-,-,-,-,-,-,5,7,0,1,0,2
"아시아","아세안","소계",소프트웨어,소계,면세점 이외,3,4,20,13,6,17,13,6,3,4,1,0,2,1,0,0,2,0,1,0,0,0,0,0,24,0,0,0,0,0
"아시아","아세안","소계",서 적,소계,면세점 이외,1012,829,1825,1918,1376,1998,2023,2131,1123,1209,854,1248,1121,990,876,1205,1005,1170,681,1222,524,927,448,253,224,195,278,187,102,77
"아시아","아세안","소계",사무·문구,소계,면세점 이외,611,660,705,604,411,422,444,569,569,546,561,698,882,891,804,702,602,672,693,561,520,669,659,774,609,493,882,897,610,933
"아시아","아세안","소계",음반·비디오·악기,소계,면세점 이외,1116,810,2222,1810,1409,2006,2200,3468,1524,2546,1689,1875,2437,3436,4189,6073,7049,4490,4000,4257,2765,5277,2558,2537,2190,953,396,468,215,912
"아시아","아세안","소계",의류 및 패션 관련 상품,소계,면세점 이외,5768,5369,5091,5815,3863,4680,4496,5790,5549,5932,5900,8039,8534,10875,9753,8830,7698,6905,8393,7569,7931,6297,8711,9194,5964,6791,6395,6720,13270,8713
"아시아","아세안","소계",스포츠·레저용품,소계,면세점 이외,1569,1649,1578,1515,1242,1322,1300,1509,1582,1454,1367,1715,2101,1922,1811,1589,1472,1496,1500,1225,1295,1060,1435,1670,1509,1063,1905,1792,1065,1827
"아시아","아세안","소계",화장품,소계,면세점 이외,4562,3281,2988,4036,2161,1772,1858,5367,1680,1555,3094,4175,3679,709,1969,975,965,1067,1027,1095,1164,870,865,733,1754,1040,1614,1604,1808,1564
"아시아","아세안","소계",아동·유아용품,소계,면세점 이외,862,1133,1220,1181,1194,1360,1435,1678,1473,1431,857,1343,1116,786,377,419,212,1017,926,647,275,272,222,320,282,148,260,222,195,190
"아시아","아세안","소계",음·식료품,소계,면세점 이외,241,184,223,193,236,192,212,170,558,297,254,347,3690,276,157,168,168,506,444,641,120,148,143,180,100,99,122,132,196,192
"아시아","아세안","소계",농축수산물,소계,면세점 이외,11,7,11,13,11,12,10,9,7,7,7,12,7,4,4,2,1,0,2,1,0,0,0,0,0,0,0,0,0,0
"아시아","아세안","소계",생활·자동차용품,소계,면세점 이외,1849,1654,1756,1589,1283,1291,1257,1260,1383,1372,1236,1613,1853,1688,1529,1362,1300,2933,2168,1565,894,881,1471,1503,1109,988,1610,1574,1028,1549
"아시아","아세안","소계",기 타,소계,면세점 이외,323,354,352,374,1372,438,375,522,382,370,240,2986,865,429,395,931,589,1096,1585,760,397,350,313,273,163,195,232,170,386,512
"아시아","중동","소계",컴퓨터 및 주변기기,소계,면세점 이외,95,71,79,301,48,58,67,77,98,96,62,79,61,107,139,81,51,94,73,26,2,14,48,33,55,36,80,115,115,136
"아시아","중동","소계",가전·전자·통신기기,소계,면세점 이외,353,341,315,262,172,153,181,193,155,155,168,356,182,190,272,195,157,99,105,65,8,17,8,32,18,19,8,19,9,19
"아시아","중동","소계",가전·전자·통신기기,가전·전자,면세점 이외,-,-,-,-,-,-,-,-,-,-,-,-,-,-,-,-,-,-,-,-,-,-,-,-,7,19,7,16,5,19
"아시아","중동","소계",가전·전자·통신기기,통신기기,면세점 이외,-,-,-,-,-,-,-,-,-,-,-,-,-,-,-,-,-,-,-,-,-,-,-,-,11,0,1,3,4,0
"아시아","중동","소계",소프트웨어,소계,면세점 이외,2,3,8,8,3,7,22,4,4,12,3,1,2,3,8,4,2,2,1,0,0,0,0,0,1,0,0,0,0,0
"아시아","중동","소계",서 적,소계,면세점 이외,23,23,43,42,43,60,58,72,58,81,55,100,98,11,9,21,32,27,40,46,36,53,46,16,14,15,17,91,25,13
"아시아","중동","소계",사무·문구,소계,면세점 이외,3,2,1,2,3,1,0,3,1,1,2,0,1,1,2,0,2,0,6,1,2,3,1,4,2,1,0,6,12,12
"아시아","중동","소계",음반·비디오·악기,소계,면세점 이외,76,68,143,115,104,161,247,272,206,314,227,360,496,710,870,1174,326,352,367,311,211,353,245,130,270,423,406,548,136,183
"아시아","중동","소계",의류 및 패션 관련 상품,소계,면세점 이외,209,201,182,216,198,232,222,224,210,321,169,251,259,553,559,405,378,327,407,271,154,194,179,142,75,78,73,93,81,79
"아시아","중동","소계",스포츠·레저용품,소계,면세점 이외,45,52,50,46,49,41,45,72,49,46,34,51,47,42,59,48,31,32,32,14,2,1,1,3,0,3,0,1,1,1
"아시아","중동","소계",화장품,소계,면세점 이외,575,572,578,608,659,718,688,800,790,873,602,1134,671,534,543,469,422,376,381,217,93,159,130,200,172,166,302,366,384,372
"아시아","중동","소계",아동·유아용품,소계,면세점 이외,49,42,61,77,59,62,54,47,35,44,32,45,35,32,28,26,26,27,20,12,4,2,5,6,0,1,2,3,0,1
"아시아","중동","소계",음·식료품,소계,면세점 이외,7,4,4,3,3,4,4,6,7,7,5,8,921,2,0,4,2,5,1,0,4,2,2,2,2,1,0,1,5,1
"아시아","중동","소계",농축수산물,소계,면세점 이외,0,0,0,0,0,0,0,0,0,0,0,0,0,0,0,0,0,0,0,0,0,0,0,0,0,0,0,0,0,0
"아시아","중동","소계",생활·자동차용품,소계,면세점 이외,358,320,302,660,261,272,270,620,532,366,399,275,379,223,245,213,194,156,136,63,5,3,3,4,5,4,7,9,12,20
"아시아","중동","소계",기 타,소계,면세점 이외,141,95,117,136,106,95,89,110,109,168,77,92,134,129,146,124,104,118,123,43,8,10,21,33,8,23,13,15,8,17
"아시아","기타 아시아","소계",컴퓨터 및 주변기기,소계,면세점 이외,-,-,-,-,-,-,-,-,-,-,-,-,-,-,-,-,-,-,-,-,-,-,-,-,74,91,42,22,2514,2719
"아시아","기타 아시아","소계",가전·전자·통신기기,소계,면세점 이외,-,-,-,-,-,-,-,-,-,-,-,-,-,-,-,-,-,-,-,-,-,-,-,-,15,24,9,1,9,8
"아시아","기타 아시아","소계",가전·전자·통신기기,가전·전자,면세점 이외,-,-,-,-,-,-,-,-,-,-,-,-,-,-,-,-,-,-,-,-,-,-,-,-,5,6,6,1,5,4
"아시아","기타 아시아","소계",가전·전자·통신기기,통신기기,면세점 이외,-,-,-,-,-,-,-,-,-,-,-,-,-,-,-,-,-,-,-,-,-,-,-,-,10,18,3,0,4,4
"아시아","기타 아시아","소계",소프트웨어,소계,면세점 이외,-,-,-,-,-,-,-,-,-,-,-,-,-,-,-,-,-,-,-,-,-,-,-,-,0,0,0,0,0,0
"아시아","기타 아시아","소계",서 적,소계,면세점 이외,-,-,-,-,-,-,-,-,-,-,-,-,-,-,-,-,-,-,-,-,-,-,-,-,8,1,2,1,0,1
"아시아","기타 아시아","소계",사무·문구,소계,면세점 이외,-,-,-,-,-,-,-,-,-,-,-,-,-,-,-,-,-,-,-,-,-,-,-,-,4,0,0,3,288,312
"아시아","기타 아시아","소계",음반·비디오·악기,소계,면세점 이외,-,-,-,-,-,-,-,-,-,-,-,-,-,-,-,-,-,-,-,-,-,-,-,-,23,125,390,159,67,191
"아시아","기타 아시아","소계",의류 및 패션 관련 상품,소계,면세점 이외,-,-,-,-,-,-,-,-,-,-,-,-,-,-,-,-,-,-,-,-,-,-,-,-,127,181,48,82,46,65
"아시아","기타 아시아","소계",스포츠·레저용품,소계,면세점 이외,-,-,-,-,-,-,-,-,-,-,-,-,-,-,-,-,-,-,-,-,-,-,-,-,0,0,1,0,0,0
"아시아","기타 아시아","소계",화장품,소계,면세점 이외,-,-,-,-,-,-,-,-,-,-,-,-,-,-,-,-,-,-,-,-,-,-,-,-,57,89,99,112,193,188
"아시아","기타 아시아","소계",아동·유아용품,소계,면세점 이외,-,-,-,-,-,-,-,-,-,-,-,-,-,-,-,-,-,-,-,-,-,-,-,-,1,1,0,0,0,1
"아시아","기타 아시아","소계",음·식료품,소계,면세점 이외,-,-,-,-,-,-,-,-,-,-,-,-,-,-,-,-,-,-,-,-,-,-,-,-,4,0,1,1,0,0
"아시아","기타 아시아","소계",농축수산물,소계,면세점 이외,-,-,-,-,-,-,-,-,-,-,-,-,-,-,-,-,-,-,-,-,-,-,-,-,0,0,0,0,0,0
"아시아","기타 아시아","소계",생활·자동차용품,소계,면세점 이외,-,-,-,-,-,-,-,-,-,-,-,-,-,-,-,-,-,-,-,-,-,-,-,-,0,1,0,3,0,2
"아시아","기타 아시아","소계",기 타,소계,면세점 이외,-,-,-,-,-,-,-,-,-,-,-,-,-,-,-,-,-,-,-,-,-,-,-,-,2,3,6,2,0,2
"북미","소계","소계",컴퓨터 및 주변기기,소계,면세점 이외,-,-,-,-,-,-,-,-,-,-,-,-,-,-,-,-,-,-,-,-,-,-,-,-,1520,1231,1028,1144,6860,10108
"북미","소계","소계",가전·전자·통신기기,소계,면세점 이외,-,-,-,-,-,-,-,-,-,-,-,-,-,-,-,-,-,-,-,-,-,-,-,-,996,1030,442,918,532,1420
"북미","소계","소계",가전·전자·통신기기,가전·전자,면세점 이외,-,-,-,-,-,-,-,-,-,-,-,-,-,-,-,-,-,-,-,-,-,-,-,-,865,900,420,890,468,1390
"북미","소계","소계",가전·전자·통신기기,통신기기,면세점 이외,-,-,-,-,-,-,-,-,-,-,-,-,-,-,-,-,-,-,-,-,-,-,-,-,131,130,22,28,64,30
"북미","소계","소계",소프트웨어,소계,면세점 이외,-,-,-,-,-,-,-,-,-,-,-,-,-,-,-,-,-,-,-,-,-,-,-,-,242,48,55,238,69,27
"북미","소계","소계",서 적,소계,면세점 이외,-,-,-,-,-,-,-,-,-,-,-,-,-,-,-,-,-,-,-,-,-,-,-,-,1488,1130,1306,1776,1267,1011
"북미","소계","소계",사무·문구,소계,면세점 이외,-,-,-,-,-,-,-,-,-,-,-,-,-,-,-,-,-,-,-,-,-,-,-,-,486,215,316,1760,1256,2396
"북미","소계","소계",음반·비디오·악기,소계,면세점 이외,-,-,-,-,-,-,-,-,-,-,-,-,-,-,-,-,-,-,-,-,-,-,-,-,8647,12122,10206,13652,7466,8075
"북미","소계","소계",의류 및 패션 관련 상품,소계,면세점 이외,-,-,-,-,-,-,-,-,-,-,-,-,-,-,-,-,-,-,-,-,-,-,-,-,18560,20314,20833,27988,24145,25302
"북미","소계","소계",스포츠·레저용품,소계,면세점 이외,-,-,-,-,-,-,-,-,-,-,-,-,-,-,-,-,-,-,-,-,-,-,-,-,281,369,223,229,236,230
"북미","소계","소계",화장품,소계,면세점 이외,-,-,-,-,-,-,-,-,-,-,-,-,-,-,-,-,-,-,-,-,-,-,-,-,8981,13848,16498,12403,13219,19047
"북미","소계","소계",아동·유아용품,소계,면세점 이외,-,-,-,-,-,-,-,-,-,-,-,-,-,-,-,-,-,-,-,-,-,-,-,-,486,306,398,430,315,285
"북미","소계","소계",음·식료품,소계,면세점 이외,-,-,-,-,-,-,-,-,-,-,-,-,-,-,-,-,-,-,-,-,-,-,-,-,1576,1652,1483,2056,2102,1689
"북미","소계","소계",농축수산물,소계,면세점 이외,-,-,-,-,-,-,-,-,-,-,-,-,-,-,-,-,-,-,-,-,-,-,-,-,11,8,3,10,8,8
"북미","소계","소계",생활·자동차용품,소계,면세점 이외,-,-,-,-,-,-,-,-,-,-,-,-,-,-,-,-,-,-,-,-,-,-,-,-,1247,1693,1948,2515,2203,3163
"북미","소계","소계",기 타,소계,면세점 이외,-,-,-,-,-,-,-,-,-,-,-,-,-,-,-,-,-,-,-,-,-,-,-,-,6287,7533,7308,7377,9465,9742
"북미","미국","소계",컴퓨터 및 주변기기,소계,면세점 이외,1081,970,802,854,2033,1553,1784,1773,1298,1408,1653,1383,1182,1631,1871,1373,1665,2199,1661,1077,1020,976,839,1019,1419,1059,984,1067,6325,9463
"북미","미국","소계",가전·전자·통신기기,소계,면세점 이외,2877,2490,2602,2362,1672,1678,1651,1834,1779,1721,3059,1738,1818,2822,3287,2176,1975,2303,1988,969,472,538,536,596,928,1004,406,869,502,1390
"북미","미국","소계",가전·전자·통신기기,가전·전자,면세점 이외,-,-,-,-,-,-,-,-,-,-,-,-,-,-,-,-,-,-,-,-,-,-,-,-,816,879,386,844,441,1360
"북미","미국","소계",가전·전자·통신기기,통신기기,면세점 이외,-,-,-,-,-,-,-,-,-,-,-,-,-,-,-,-,-,-,-,-,-,-,-,-,112,125,20,25,61,30
"북미","미국","소계",소프트웨어,소계,면세점 이외,68,100,123,125,175,251,172,269,88,156,118,338,135,182,215,333,172,178,193,323,88,50,87,268,240,48,55,238,69,27
"북미","미국","소계",서 적,소계,면세점 이외,1969,1511,1876,1856,2089,1790,2033,1977,2259,1563,2596,1720,2135,2407,2583,2584,1769,1524,1550,1883,1568,1361,1434,1306,1408,1078,1237,1653,1216,970
"북미","미국","소계",사무·문구,소계,면세점 이외,69,48,41,79,58,55,85,83,198,72,83,101,74,85,87,152,1402,384,1293,360,629,943,290,1031,477,208,310,1656,1176,2265
"북미","미국","소계",음반·비디오·악기,소계,면세점 이외,1927,1781,2361,2647,2362,3014,3932,4550,3857,5191,5762,4786,5258,7516,9854,10291,12039,9547,10176,10130,7348,7884,7589,6992,8032,11710,9893,13034,7232,7515
"북미","미국","소계",의류 및 패션 관련 상품,소계,면세점 이외,14648,11117,11057,14354,11699,12015,10099,13540,12214,13568,13273,16070,12743,23154,21980,24277,20209,23906,23937,27933,20251,20955,20100,25272,18226,20220,20459,27526,23818,24969
"북미","미국","소계",스포츠·레저용품,소계,면세점 이외,1481,1025,877,1121,1181,1439,1199,1069,1148,1602,3150,864,953,1641,1791,1477,1010,1299,1824,819,321,278,427,670,273,360,214,221,223,221
"북미","미국","소계",화장품,소계,면세점 이외,7551,6518,6814,10397,8982,7908,7689,13958,8451,8663,12449,12223,11846,11482,12042,14076,11937,8977,8608,10438,9438,7112,7299,9327,8632,13276,15977,12093,12352,18071
"북미","미국","소계",아동·유아용품,소계,면세점 이외,744,626,618,722,765,793,728,1056,815,1153,1702,1928,945,1344,1243,1402,2126,1819,1550,939,572,529,353,539,475,295,390,421,309,280
"북미","미국","소계",음·식료품,소계,면세점 이외,321,118,326,162,202,211,159,153,225,240,538,354,1164,473,466,603,615,808,1112,1289,1747,1158,995,813,1569,1646,1459,1940,1982,1583
"북미","미국","소계",농축수산물,소계,면세점 이외,1,0,0,2,1,0,0,33,2,2,7,2,2,12,8,11,10,1,4,5,10,15,10,9,11,8,3,10,8,8
"북미","미국","소계",생활·자동차용품,소계,면세점 이외,3107,2766,2396,2276,2483,2357,2150,2159,2174,2410,3407,3713,2256,3217,3028,2966,2683,2953,2877,1180,528,532,1399,1830,1231,1675,1933,2473,2168,3089
"북미","미국","소계",기 타,소계,면세점 이외,2658,3125,2969,4075,3793,3540,3633,4445,3820,4273,5897,7353,7953,9792,9384,11602,12559,11776,11720,9590,11759,8228,8416,6520,6189,7407,7248,7121,9419,9689
"북미","캐나다","소계",컴퓨터 및 주변기기,소계,면세점 이외,-,-,-,-,-,-,-,-,-,-,-,-,-,-,-,-,-,-,-,-,-,-,-,-,101,172,44,77,535,645
"북미","캐나다","소계",가전·전자·통신기기,소계,면세점 이외,-,-,-,-,-,-,-,-,-,-,-,-,-,-,-,-,-,-,-,-,-,-,-,-,68,26,36,49,30,30
"북미","캐나다","소계",가전·전자·통신기기,가전·전자,면세점 이외,-,-,-,-,-,-,-,-,-,-,-,-,-,-,-,-,-,-,-,-,-,-,-,-,49,21,34,46,27,30
"북미","캐나다","소계",가전·전자·통신기기,통신기기,면세점 이외,-,-,-,-,-,-,-,-,-,-,-,-,-,-,-,-,-,-,-,-,-,-,-,-,19,5,2,3,3,0
"북미","캐나다","소계",소프트웨어,소계,면세점 이외,-,-,-,-,-,-,-,-,-,-,-,-,-,-,-,-,-,-,-,-,-,-,-,-,2,0,0,0,0,0
"북미","캐나다","소계",서 적,소계,면세점 이외,-,-,-,-,-,-,-,-,-,-,-,-,-,-,-,-,-,-,-,-,-,-,-,-,80,52,69,123,51,41
"북미","캐나다","소계",사무·문구,소계,면세점 이외,-,-,-,-,-,-,-,-,-,-,-,-,-,-,-,-,-,-,-,-,-,-,-,-,9,7,6,104,80,131
"북미","캐나다","소계",음반·비디오·악기,소계,면세점 이외,-,-,-,-,-,-,-,-,-,-,-,-,-,-,-,-,-,-,-,-,-,-,-,-,615,412,313,618,234,560
"북미","캐나다","소계",의류 및 패션 관련 상품,소계,면세점 이외,-,-,-,-,-,-,-,-,-,-,-,-,-,-,-,-,-,-,-,-,-,-,-,-,334,94,374,462,327,333
"북미","캐나다","소계",스포츠·레저용품,소계,면세점 이외,-,-,-,-,-,-,-,-,-,-,-,-,-,-,-,-,-,-,-,-,-,-,-,-,8,9,9,8,13,9
"북미","캐나다","소계",화장품,소계,면세점 이외,-,-,-,-,-,-,-,-,-,-,-,-,-,-,-,-,-,-,-,-,-,-,-,-,349,572,521,310,867,976
"북미","캐나다","소계",아동·유아용품,소계,면세점 이외,-,-,-,-,-,-,-,-,-,-,-,-,-,-,-,-,-,-,-,-,-,-,-,-,11,11,8,9,6,5
"북미","캐나다","소계",음·식료품,소계,면세점 이외,-,-,-,-,-,-,-,-,-,-,-,-,-,-,-,-,-,-,-,-,-,-,-,-,7,6,24,116,120,106
"북미","캐나다","소계",농축수산물,소계,면세점 이외,-,-,-,-,-,-,-,-,-,-,-,-,-,-,-,-,-,-,-,-,-,-,-,-,0,0,0,0,0,0
"북미","캐나다","소계",생활·자동차용품,소계,면세점 이외,-,-,-,-,-,-,-,-,-,-,-,-,-,-,-,-,-,-,-,-,-,-,-,-,16,18,15,42,35,74
"북미","캐나다","소계",기 타,소계,면세점 이외,-,-,-,-,-,-,-,-,-,-,-,-,-,-,-,-,-,-,-,-,-,-,-,-,98,126,60,256,46,53
"유럽","소계","소계",컴퓨터 및 주변기기,소계,면세점 이외,-,-,-,-,-,-,-,-,-,-,-,-,-,-,-,-,-,-,-,-,-,-,-,-,1892,1312,1436,1507,3838,6137
"유럽","소계","소계",가전·전자·통신기기,소계,면세점 이외,-,-,-,-,-,-,-,-,-,-,-,-,-,-,-,-,-,-,-,-,-,-,-,-,275,325,424,474,686,350
"유럽","소계","소계",가전·전자·통신기기,가전·전자,면세점 이외,-,-,-,-,-,-,-,-,-,-,-,-,-,-,-,-,-,-,-,-,-,-,-,-,234,254,283,312,193,212
"유럽","소계","소계",가전·전자·통신기기,통신기기,면세점 이외,-,-,-,-,-,-,-,-,-,-,-,-,-,-,-,-,-,-,-,-,-,-,-,-,41,71,141,162,493,138
"유럽","소계","소계",소프트웨어,소계,면세점 이외,-,-,-,-,-,-,-,-,-,-,-,-,-,-,-,-,-,-,-,-,-,-,-,-,7,0,0,0,0,0
"유럽","소계","소계",서 적,소계,면세점 이외,-,-,-,-,-,-,-,-,-,-,-,-,-,-,-,-,-,-,-,-,-,-,-,-,171,144,260,316,162,106
"유럽","소계","소계",사무·문구,소계,면세점 이외,-,-,-,-,-,-,-,-,-,-,-,-,-,-,-,-,-,-,-,-,-,-,-,-,36,13,8,224,558,842
"유럽","소계","소계",음반·비디오·악기,소계,면세점 이외,-,-,-,-,-,-,-,-,-,-,-,-,-,-,-,-,-,-,-,-,-,-,-,-,2101,6173,11330,2830,908,1602
"유럽","소계","소계",의류 및 패션 관련 상품,소계,면세점 이외,-,-,-,-,-,-,-,-,-,-,-,-,-,-,-,-,-,-,-,-,-,-,-,-,740,1054,808,811,1183,1196
"유럽","소계","소계",스포츠·레저용품,소계,면세점 이외,-,-,-,-,-,-,-,-,-,-,-,-,-,-,-,-,-,-,-,-,-,-,-,-,422,18,15,13,20,23
"유럽","소계","소계",화장품,소계,면세점 이외,-,-,-,-,-,-,-,-,-,-,-,-,-,-,-,-,-,-,-,-,-,-,-,-,443,465,622,632,1008,1357
"유럽","소계","소계",아동·유아용품,소계,면세점 이외,-,-,-,-,-,-,-,-,-,-,-,-,-,-,-,-,-,-,-,-,-,-,-,-,55,35,78,26,8,70
"유럽","소계","소계",음·식료품,소계,면세점 이외,-,-,-,-,-,-,-,-,-,-,-,-,-,-,-,-,-,-,-,-,-,-,-,-,38,25,8,21,25,19
"유럽","소계","소계",농축수산물,소계,면세점 이외,-,-,-,-,-,-,-,-,-,-,-,-,-,-,-,-,-,-,-,-,-,-,-,-,0,0,0,0,0,0
"유럽","소계","소계",생활·자동차용품,소계,면세점 이외,-,-,-,-,-,-,-,-,-,-,-,-,-,-,-,-,-,-,-,-,-,-,-,-,12,15,42,105,182,123
"유럽","소계","소계",기 타,소계,면세점 이외,-,-,-,-,-,-,-,-,-,-,-,-,-,-,-,-,-,-,-,-,-,-,-,-,105,289,159,240,220,349
"유럽","유럽연합+영국","소계",컴퓨터 및 주변기기,소계,면세점 이외,456,280,406,430,1030,630,655,852,633,715,513,617,694,334,524,358,511,304,249,295,206,336,1056,1568,1859,1253,1413,1459,3809,5829
"유럽","유럽연합+영국","소계",가전·전자·통신기기,소계,면세점 이외,958,773,1081,962,838,603,568,570,603,582,423,2051,942,593,946,559,586,482,484,246,61,109,101,164,271,321,419,464,684,349
"유럽","유럽연합+영국","소계",가전·전자·통신기기,가전·전자,면세점 이외,-,-,-,-,-,-,-,-,-,-,-,-,-,-,-,-,-,-,-,-,-,-,-,-,230,250,278,302,191,211
"유럽","유럽연합+영국","소계",가전·전자·통신기기,통신기기,면세점 이외,-,-,-,-,-,-,-,-,-,-,-,-,-,-,-,-,-,-,-,-,-,-,-,-,41,71,141,162,493,138
"유럽","유럽연합+영국","소계",소프트웨어,소계,면세점 이외,22,37,47,49,28,34,45,97,28,26,12,28,26,26,22,25,21,27,23,8,0,0,0,0,7,0,0,0,0,0
"유럽","유럽연합+영국","소계",서 적,소계,면세점 이외,47,30,50,66,62,70,71,68,59,55,48,95,72,127,150,165,261,190,228,284,207,344,241,142,167,141,249,259,155,101
"유럽","유럽연합+영국","소계",사무·문구,소계,면세점 이외,22,21,780,12,27,17,9,13,11,10,4,10,8,8,4,5,19,15,26,19,26,10,9,25,36,12,8,211,552,803
"유럽","유럽연합+영국","소계",음반·비디오·악기,소계,면세점 이외,841,779,1173,1437,1400,1419,1808,2120,1958,2350,1502,2697,2728,2636,2958,3770,3103,2702,2189,1642,1113,2144,1253,1018,1981,5916,11092,2501,812,1433
"유럽","유럽연합+영국","소계",의류 및 패션 관련 상품,소계,면세점 이외,1036,965,961,1084,1205,1035,869,930,970,1032,781,847,807,1765,1276,1272,1114,1346,1018,1228,1037,1229,1114,1025,647,833,651,768,1097,1162
"유럽","유럽연합+영국","소계",스포츠·레저용품,소계,면세점 이외,179,153,108,200,233,198,173,204,215,192,805,212,211,192,418,476,416,143,251,360,305,18,20,300,301,16,13,12,16,10
"유럽","유럽연합+영국","소계",화장품,소계,면세점 이외,2363,2292,1925,2510,3022,2744,2503,2922,3131,3051,1891,3733,2825,1651,1538,1510,1442,1307,778,523,218,395,278,300,256,338,503,528,821,1211
"유럽","유럽연합+영국","소계",아동·유아용품,소계,면세점 이외,316,259,275,343,347,292,287,374,329,312,195,417,367,316,284,387,689,523,419,167,46,25,17,53,15,18,22,26,8,8
"유럽","유럽연합+영국","소계",음·식료품,소계,면세점 이외,20,19,15,36,27,18,14,21,18,12,8,14,378,19,10,16,16,17,11,10,9,17,10,15,38,25,8,21,25,17
"유럽","유럽연합+영국","소계",농축수산물,소계,면세점 이외,0,0,3,0,0,0,0,0,0,0,0,0,0,0,0,0,0,0,0,0,0,0,0,0,0,0,0,0,0,0
"유럽","유럽연합+영국","소계",생활·자동차용품,소계,면세점 이외,733,698,546,654,739,639,610,637,665,622,383,845,694,632,637,597,670,591,469,209,23,15,29,21,11,10,41,84,114,118
"유럽","유럽연합+영국","소계",기 타,소계,면세점 이외,739,767,721,863,1121,811,760,1057,922,926,536,914,978,905,984,1040,1467,1074,990,487,374,80,268,179,101,267,151,227,214,313
"유럽","유럽연합+영국","유럽연합",컴퓨터 및 주변기기,소계,면세점 이외,-,-,-,-,-,-,-,-,-,-,-,-,-,-,-,-,-,-,-,-,-,-,-,-,1736,1173,1357,1397,3232,5053
"유럽","유럽연합+영국","유럽연합",가전·전자·통신기기,소계,면세점 이외,-,-,-,-,-,-,-,-,-,-,-,-,-,-,-,-,-,-,-,-,-,-,-,-,234,209,367,388,646,227
"유럽","유럽연합+영국","유럽연합",가전·전자·통신기기,가전·전자,면세점 이외,-,-,-,-,-,-,-,-,-,-,-,-,-,-,-,-,-,-,-,-,-,-,-,-,199,143,226,226,153,89
"유럽","유럽연합+영국","유럽연합",가전·전자·통신기기,통신기기,면세점 이외,-,-,-,-,-,-,-,-,-,-,-,-,-,-,-,-,-,-,-,-,-,-,-,-,35,66,141,162,493,138
"유럽","유럽연합+영국","유럽연합",소프트웨어,소계,면세점 이외,-,-,-,-,-,-,-,-,-,-,-,-,-,-,-,-,-,-,-,-,-,-,-,-,5,0,0,0,0,0
"유럽","유럽연합+영국","유럽연합",서 적,소계,면세점 이외,-,-,-,-,-,-,-,-,-,-,-,-,-,-,-,-,-,-,-,-,-,-,-,-,134,113,219,228,125,77
"유럽","유럽연합+영국","유럽연합",사무·문구,소계,면세점 이외,-,-,-,-,-,-,-,-,-,-,-,-,-,-,-,-,-,-,-,-,-,-,-,-,12,10,7,177,504,730
"유럽","유럽연합+영국","유럽연합",음반·비디오·악기,소계,면세점 이외,-,-,-,-,-,-,-,-,-,-,-,-,-,-,-,-,-,-,-,-,-,-,-,-,1292,5178,10585,1913,569,979
"유럽","유럽연합+영국","유럽연합",의류 및 패션 관련 상품,소계,면세점 이외,-,-,-,-,-,-,-,-,-,-,-,-,-,-,-,-,-,-,-,-,-,-,-,-,419,520,502,498,760,691
"유럽","유럽연합+영국","유럽연합",스포츠·레저용품,소계,면세점 이외,-,-,-,-,-,-,-,-,-,-,-,-,-,-,-,-,-,-,-,-,-,-,-,-,299,11,8,10,12,7
"유럽","유럽연합+영국","유럽연합",화장품,소계,면세점 이외,-,-,-,-,-,-,-,-,-,-,-,-,-,-,-,-,-,-,-,-,-,-,-,-,211,265,270,355,694,621
"유럽","유럽연합+영국","유럽연합",아동·유아용품,소계,면세점 이외,-,-,-,-,-,-,-,-,-,-,-,-,-,-,-,-,-,-,-,-,-,-,-,-,12,14,15,18,6,5
"유럽","유럽연합+영국","유럽연합",음·식료품,소계,면세점 이외,-,-,-,-,-,-,-,-,-,-,-,-,-,-,-,-,-,-,-,-,-,-,-,-,11,7,4,5,6,4
"유럽","유럽연합+영국","유럽연합",농축수산물,소계,면세점 이외,-,-,-,-,-,-,-,-,-,-,-,-,-,-,-,-,-,-,-,-,-,-,-,-,0,0,0,0,0,0
"유럽","유럽연합+영국","유럽연합",생활·자동차용품,소계,면세점 이외,-,-,-,-,-,-,-,-,-,-,-,-,-,-,-,-,-,-,-,-,-,-,-,-,6,7,40,54,90,87
"유럽","유럽연합+영국","유럽연합",기 타,소계,면세점 이외,-,-,-,-,-,-,-,-,-,-,-,-,-,-,-,-,-,-,-,-,-,-,-,-,60,181,105,144,131,166
"유럽","유럽연합+영국","영국",컴퓨터 및 주변기기,소계,면세점 이외,-,-,-,-,-,-,-,-,-,-,-,-,-,-,-,-,-,-,-,-,-,-,-,-,123,80,56,62,577,776
"유럽","유럽연합+영국","영국",가전·전자·통신기기,소계,면세점 이외,-,-,-,-,-,-,-,-,-,-,-,-,-,-,-,-,-,-,-,-,-,-,-,-,37,112,52,76,38,122
"유럽","유럽연합+영국","영국",가전·전자·통신기기,가전·전자,면세점 이외,-,-,-,-,-,-,-,-,-,-,-,-,-,-,-,-,-,-,-,-,-,-,-,-,31,107,52,76,38,122
"유럽","유럽연합+영국","영국",가전·전자·통신기기,통신기기,면세점 이외,-,-,-,-,-,-,-,-,-,-,-,-,-,-,-,-,-,-,-,-,-,-,-,-,6,5,0,0,0,0
"유럽","유럽연합+영국","영국",소프트웨어,소계,면세점 이외,-,-,-,-,-,-,-,-,-,-,-,-,-,-,-,-,-,-,-,-,-,-,-,-,2,0,0,0,0,0
"유럽","유럽연합+영국","영국",서 적,소계,면세점 이외,-,-,-,-,-,-,-,-,-,-,-,-,-,-,-,-,-,-,-,-,-,-,-,-,33,28,30,31,30,24
"유럽","유럽연합+영국","영국",사무·문구,소계,면세점 이외,-,-,-,-,-,-,-,-,-,-,-,-,-,-,-,-,-,-,-,-,-,-,-,-,24,2,1,34,48,73
"유럽","유럽연합+영국","영국",음반·비디오·악기,소계,면세점 이외,-,-,-,-,-,-,-,-,-,-,-,-,-,-,-,-,-,-,-,-,-,-,-,-,689,738,507,588,243,454
"유럽","유럽연합+영국","영국",의류 및 패션 관련 상품,소계,면세점 이외,-,-,-,-,-,-,-,-,-,-,-,-,-,-,-,-,-,-,-,-,-,-,-,-,228,313,149,270,337,471
"유럽","유럽연합+영국","영국",스포츠·레저용품,소계,면세점 이외,-,-,-,-,-,-,-,-,-,-,-,-,-,-,-,-,-,-,-,-,-,-,-,-,2,5,5,2,4,3
"유럽","유럽연합+영국","영국",화장품,소계,면세점 이외,-,-,-,-,-,-,-,-,-,-,-,-,-,-,-,-,-,-,-,-,-,-,-,-,45,73,233,173,127,590
"유럽","유럽연합+영국","영국",아동·유아용품,소계,면세점 이외,-,-,-,-,-,-,-,-,-,-,-,-,-,-,-,-,-,-,-,-,-,-,-,-,3,4,7,8,2,3
"유럽","유럽연합+영국","영국",음·식료품,소계,면세점 이외,-,-,-,-,-,-,-,-,-,-,-,-,-,-,-,-,-,-,-,-,-,-,-,-,27,18,4,16,19,13
"유럽","유럽연합+영국","영국",농축수산물,소계,면세점 이외,-,-,-,-,-,-,-,-,-,-,-,-,-,-,-,-,-,-,-,-,-,-,-,-,0,0,0,0,0,0
"유럽","유럽연합+영국","영국",생활·자동차용품,소계,면세점 이외,-,-,-,-,-,-,-,-,-,-,-,-,-,-,-,-,-,-,-,-,-,-,-,-,5,3,1,30,24,31
"유럽","유럽연합+영국","영국",기 타,소계,면세점 이외,-,-,-,-,-,-,-,-,-,-,-,-,-,-,-,-,-,-,-,-,-,-,-,-,41,86,46,83,83,147
"유럽","기타 유럽","소계",컴퓨터 및 주변기기,소계,면세점 이외,-,-,-,-,-,-,-,-,-,-,-,-,-,-,-,-,-,-,-,-,-,-,-,-,33,59,23,48,29,308
"유럽","기타 유럽","소계",가전·전자·통신기기,소계,면세점 이외,-,-,-,-,-,-,-,-,-,-,-,-,-,-,-,-,-,-,-,-,-,-,-,-,4,4,5,10,2,1
"유럽","기타 유럽","소계",가전·전자·통신기기,가전·전자,면세점 이외,-,-,-,-,-,-,-,-,-,-,-,-,-,-,-,-,-,-,-,-,-,-,-,-,4,4,5,10,2,1
"유럽","기타 유럽","소계",가전·전자·통신기기,통신기기,면세점 이외,-,-,-,-,-,-,-,-,-,-,-,-,-,-,-,-,-,-,-,-,-,-,-,-,0,0,0,0,0,0
"유럽","기타 유럽","소계",소프트웨어,소계,면세점 이외,-,-,-,-,-,-,-,-,-,-,-,-,-,-,-,-,-,-,-,-,-,-,-,-,0,0,0,0,0,0
"유럽","기타 유럽","소계",서 적,소계,면세점 이외,-,-,-,-,-,-,-,-,-,-,-,-,-,-,-,-,-,-,-,-,-,-,-,-,4,3,11,57,7,5
"유럽","기타 유럽","소계",사무·문구,소계,면세점 이외,-,-,-,-,-,-,-,-,-,-,-,-,-,-,-,-,-,-,-,-,-,-,-,-,0,1,0,13,6,39
"유럽","기타 유럽","소계",음반·비디오·악기,소계,면세점 이외,-,-,-,-,-,-,-,-,-,-,-,-,-,-,-,-,-,-,-,-,-,-,-,-,120,257,238,329,96,169
"유럽","기타 유럽","소계",의류 및 패션 관련 상품,소계,면세점 이외,-,-,-,-,-,-,-,-,-,-,-,-,-,-,-,-,-,-,-,-,-,-,-,-,93,221,157,43,86,34
"유럽","기타 유럽","소계",스포츠·레저용품,소계,면세점 이외,-,-,-,-,-,-,-,-,-,-,-,-,-,-,-,-,-,-,-,-,-,-,-,-,121,2,2,1,4,13
"유럽","기타 유럽","소계",화장품,소계,면세점 이외,-,-,-,-,-,-,-,-,-,-,-,-,-,-,-,-,-,-,-,-,-,-,-,-,187,127,119,104,187,146
"유럽","기타 유럽","소계",아동·유아용품,소계,면세점 이외,-,-,-,-,-,-,-,-,-,-,-,-,-,-,-,-,-,-,-,-,-,-,-,-,40,17,56,0,0,62
"유럽","기타 유럽","소계",음·식료품,소계,면세점 이외,-,-,-,-,-,-,-,-,-,-,-,-,-,-,-,-,-,-,-,-,-,-,-,-,0,0,0,0,0,2
"유럽","기타 유럽","소계",농축수산물,소계,면세점 이외,-,-,-,-,-,-,-,-,-,-,-,-,-,-,-,-,-,-,-,-,-,-,-,-,0,0,0,0,0,0
"유럽","기타 유럽","소계",생활·자동차용품,소계,면세점 이외,-,-,-,-,-,-,-,-,-,-,-,-,-,-,-,-,-,-,-,-,-,-,-,-,1,5,1,21,68,5
"유럽","기타 유럽","소계",기 타,소계,면세점 이외,-,-,-,-,-,-,-,-,-,-,-,-,-,-,-,-,-,-,-,-,-,-,-,-,4,22,8,13,6,36
"대양주","소계","소계",컴퓨터 및 주변기기,소계,면세점 이외,240,153,232,151,157,107,117,92,78,62,58,56,93,73,96,56,70,87,81,32,11,14,62,50,80,58,37,28,62,35
"대양주","소계","소계",가전·전자·통신기기,소계,면세점 이외,1255,1366,1476,1249,1290,1189,1108,1105,806,703,523,296,339,1030,1317,1139,966,830,873,332,31,29,22,18,48,35,21,20,18,13
"대양주","소계","소계",가전·전자·통신기기,가전·전자,면세점 이외,-,-,-,-,-,-,-,-,-,-,-,-,-,-,-,-,-,-,-,-,-,-,-,-,42,35,18,20,18,13
"대양주","소계","소계",가전·전자·통신기기,통신기기,면세점 이외,-,-,-,-,-,-,-,-,-,-,-,-,-,-,-,-,-,-,-,-,-,-,-,-,6,0,3,0,0,0
"대양주","소계","소계",소프트웨어,소계,면세점 이외,6,17,28,21,11,12,10,7,7,6,3,4,4,6,5,5,5,5,8,2,0,0,0,0,9,0,0,0,0,0
"대양주","소계","소계",서 적,소계,면세점 이외,68,57,106,89,66,97,106,81,62,81,48,81,73,92,121,81,91,100,130,130,97,110,93,80,94,119,144,171,89,103
"대양주","소계","소계",사무·문구,소계,면세점 이외,11,7,9,5,7,3,6,5,6,6,2,11,5,7,4,5,5,8,21,29,15,23,11,9,4,3,3,43,16,38
"대양주","소계","소계",음반·비디오·악기,소계,면세점 이외,219,200,303,330,290,356,418,440,354,481,318,387,308,371,553,568,553,512,614,402,222,383,249,153,538,784,707,798,228,507
"대양주","소계","소계",의류 및 패션 관련 상품,소계,면세점 이외,736,710,731,534,720,776,609,605,620,630,571,639,475,911,1081,1279,1065,1170,1228,1297,1126,1264,1364,1137,718,780,825,792,631,973
"대양주","소계","소계",스포츠·레저용품,소계,면세점 이외,151,128,149,134,125,122,119,100,102,95,199,79,77,95,195,323,248,87,479,227,203,12,13,202,196,5,4,3,6,3
"대양주","소계","소계",화장품,소계,면세점 이외,1338,1061,1202,1020,979,1034,1006,886,820,824,629,1084,713,659,617,470,465,431,489,241,117,83,68,52,38,33,49,84,97,187
"대양주","소계","소계",아동·유아용품,소계,면세점 이외,181,205,234,288,187,176,164,159,120,135,82,144,141,129,119,95,96,82,122,68,36,17,16,12,15,20,13,10,5,5
"대양주","소계","소계",음·식료품,소계,면세점 이외,23,47,39,19,21,26,35,21,19,24,19,17,385,14,3,1,4,9,13,7,2,4,9,7,6,7,6,19,14,8
"대양주","소계","소계",농축수산물,소계,면세점 이외,0,0,0,0,1,4,4,0,1,0,0,0,0,1,0,0,0,0,0,1,0,0,0,0,0,0,0,0,0,0
"대양주","소계","소계",생활·자동차용품,소계,면세점 이외,528,561,548,448,438,446,430,350,342,345,229,310,286,322,343,247,283,289,282,120,38,24,25,16,17,11,13,28,49,54
"대양주","소계","소계",기 타,소계,면세점 이외,257,224,251,256,261,215,216,205,210,207,114,142,270,195,248,210,278,234,280,129,342,66,160,73,39,67,62,57,44,61
"중남미","소계","소계",컴퓨터 및 주변기기,소계,면세점 이외,84,59,131,70,56,42,54,66,56,59,58,61,42,97,154,69,58,146,115,35,13,16,21,95,198,84,124,63,94,104
"중남미","소계","소계",가전·전자·통신기기,소계,면세점 이외,283,381,438,257,208,160,229,264,237,240,203,299,184,238,257,233,186,168,143,72,17,46,20,39,30,50,24,27,12,17
"중남미","소계","소계",가전·전자·통신기기,가전·전자,면세점 이외,-,-,-,-,-,-,-,-,-,-,-,-,-,-,-,-,-,-,-,-,-,-,-,-,15,16,19,19,11,15
"중남미","소계","소계",가전·전자·통신기기,통신기기,면세점 이외,-,-,-,-,-,-,-,-,-,-,-,-,-,-,-,-,-,-,-,-,-,-,-,-,15,34,5,8,1,2
"중남미","소계","소계",소프트웨어,소계,면세점 이외,5,13,26,9,6,4,4,5,4,7,2,4,4,4,3,4,2,3,4,1,0,0,0,0,0,0,0,0,0,0
"중남미","소계","소계",서 적,소계,면세점 이외,38,24,58,66,56,90,125,136,141,184,115,206,160,3,6,19,103,66,67,129,85,187,118,35,76,43,69,125,52,47
"중남미","소계","소계",사무·문구,소계,면세점 이외,4,3,189,1,1,0,1,0,0,0,0,0,0,1,1,1,0,4,11,10,4,7,4,7,6,5,12,105,34,137
"중남미","소계","소계",음반·비디오·악기,소계,면세점 이외,422,398,815,787,667,906,1332,1422,1107,1594,980,1204,1183,1332,1628,2278,1107,1064,1032,855,539,1469,884,745,1506,1490,1717,1542,521,994
"중남미","소계","소계",의류 및 패션 관련 상품,소계,면세점 이외,157,153,304,158,139,123,156,158,151,157,112,124,114,107,142,251,162,194,189,105,53,93,30,34,20,28,26,36,23,20
"중남미","소계","소계",스포츠·레저용품,소계,면세점 이외,97,98,58,90,117,88,86,89,90,91,60,63,49,34,51,49,30,44,29,17,0,1,1,0,3,8,0,1,3,1
"중남미","소계","소계",화장품,소계,면세점 이외,475,479,424,472,457,452,528,647,636,667,482,638,414,170,200,170,170,125,131,77,44,123,66,31,29,27,26,29,38,33
"중남미","소계","소계",아동·유아용품,소계,면세점 이외,59,67,69,61,58,56,59,67,59,67,54,85,51,33,32,35,44,58,36,16,6,4,4,9,21,21,12,15,5,5
"중남미","소계","소계",음·식료품,소계,면세점 이외,2,0,1,0,1,0,1,0,0,0,0,0,774,0,0,0,0,0,0,4,2,0,4,2,1,0,0,1,0,0
"중남미","소계","소계",농축수산물,소계,면세점 이외,0,0,0,0,0,0,0,0,0,0,0,0,0,0,0,0,0,0,0,0,0,0,0,0,0,0,0,0,0,0
"중남미","소계","소계",생활·자동차용품,소계,면세점 이외,522,545,392,488,504,512,469,428,457,462,305,916,334,295,394,338,321,352,277,118,9,7,14,13,34,18,13,32,67,51
"중남미","소계","소계",기 타,소계,면세점 이외,133,130,143,147,129,168,165,178,155,152,90,147,137,145,208,135,136,170,174,62,7,24,53,40,18,50,91,52,42,94
"아프리카","소계","소계",컴퓨터 및 주변기기,소계,면세점 이외,-,-,-,-,-,-,-,-,-,-,-,-,-,-,-,-,-,-,-,-,-,-,-,-,11,38,12,8,9,28
"아프리카","소계","소계",가전·전자·통신기기,소계,면세점 이외,-,-,-,-,-,-,-,-,-,-,-,-,-,-,-,-,-,-,-,-,-,-,-,-,19,20,7,3,11,5
"아프리카","소계","소계",가전·전자·통신기기,가전·전자,면세점 이외,-,-,-,-,-,-,-,-,-,-,-,-,-,-,-,-,-,-,-,-,-,-,-,-,1,0,1,1,2,1
"아프리카","소계","소계",가전·전자·통신기기,통신기기,면세점 이외,-,-,-,-,-,-,-,-,-,-,-,-,-,-,-,-,-,-,-,-,-,-,-,-,18,20,6,2,9,4
"아프리카","소계","소계",소프트웨어,소계,면세점 이외,-,-,-,-,-,-,-,-,-,-,-,-,-,-,-,-,-,-,-,-,-,-,-,-,0,0,0,0,0,0
"아프리카","소계","소계",서 적,소계,면세점 이외,-,-,-,-,-,-,-,-,-,-,-,-,-,-,-,-,-,-,-,-,-,-,-,-,0,0,0,0,0,0
"아프리카","소계","소계",사무·문구,소계,면세점 이외,-,-,-,-,-,-,-,-,-,-,-,-,-,-,-,-,-,-,-,-,-,-,-,-,0,0,0,1,0,1
"아프리카","소계","소계",음반·비디오·악기,소계,면세점 이외,-,-,-,-,-,-,-,-,-,-,-,-,-,-,-,-,-,-,-,-,-,-,-,-,18,18,19,32,8,16
"아프리카","소계","소계",의류 및 패션 관련 상품,소계,면세점 이외,-,-,-,-,-,-,-,-,-,-,-,-,-,-,-,-,-,-,-,-,-,-,-,-,1,0,0,2,2,0
"아프리카","소계","소계",스포츠·레저용품,소계,면세점 이외,-,-,-,-,-,-,-,-,-,-,-,-,-,-,-,-,-,-,-,-,-,-,-,-,2,0,1,1,0,0
"아프리카","소계","소계",화장품,소계,면세점 이외,-,-,-,-,-,-,-,-,-,-,-,-,-,-,-,-,-,-,-,-,-,-,-,-,9,30,32,81,58,125
"아프리카","소계","소계",아동·유아용품,소계,면세점 이외,-,-,-,-,-,-,-,-,-,-,-,-,-,-,-,-,-,-,-,-,-,-,-,-,0,0,0,0,0,0
"아프리카","소계","소계",음·식료품,소계,면세점 이외,-,-,-,-,-,-,-,-,-,-,-,-,-,-,-,-,-,-,-,-,-,-,-,-,0,0,0,0,0,0
"아프리카","소계","소계",농축수산물,소계,면세점 이외,-,-,-,-,-,-,-,-,-,-,-,-,-,-,-,-,-,-,-,-,-,-,-,-,0,0,0,0,0,0
"아프리카","소계","소계",생활·자동차용품,소계,면세점 이외,-,-,-,-,-,-,-,-,-,-,-,-,-,-,-,-,-,-,-,-,-,-,-,-,0,0,0,1,1,2
"아프리카","소계","소계",기 타,소계,면세점 이외,-,-,-,-,-,-,-,-,-,-,-,-,-,-,-,-,-,-,-,-,-,-,-,-,0,0,1,0,0,1
"기타","소계","소계",컴퓨터 및 주변기기,소계,면세점 이외,297,186,214,177,1509,1113,1474,1248,1146,1330,1190,1385,1576,1370,1213,1494,1551,1612,1491,1597,1645,1879,836,230,-,-,-,-,-,-
"기타","소계","소계",가전·전자·통신기기,소계,면세점 이외,899,818,786,640,595,415,452,385,418,396,342,469,389,366,619,342,267,210,291,171,117,118,126,127,-,-,-,-,-,-
"기타","소계","소계",가전·전자·통신기기,가전·전자,면세점 이외,-,-,-,-,-,-,-,-,-,-,-,-,-,-,-,-,-,-,-,-,-,-,-,-,-,-,-,-,-,-
"기타","소계","소계",가전·전자·통신기기,통신기기,면세점 이외,-,-,-,-,-,-,-,-,-,-,-,-,-,-,-,-,-,-,-,-,-,-,-,-,-,-,-,-,-,-
"기타","소계","소계",소프트웨어,소계,면세점 이외,6,22,38,34,9,46,41,6,5,9,4,11,8,4,3,6,6,6,4,1,0,0,0,0,-,-,-,-,-,-
"기타","소계","소계",서 적,소계,면세점 이외,243,136,579,890,1165,1112,1508,1349,1031,1615,720,1218,1362,1351,868,982,2530,1585,1747,731,634,268,127,95,-,-,-,-,-,-
"기타","소계","소계",사무·문구,소계,면세점 이외,35,38,26,29,33,30,26,30,32,25,16,22,45,78,32,32,18,28,61,43,48,38,21,26,-,-,-,-,-,-
"기타","소계","소계",음반·비디오·악기,소계,면세점 이외,250,179,256,252,328,300,327,320,307,372,244,336,354,275,299,482,3837,8110,4477,3190,1603,1191,340,592,-,-,-,-,-,-
"기타","소계","소계",의류 및 패션 관련 상품,소계,면세점 이외,950,892,755,681,990,1018,880,1307,1294,1559,1046,1472,1177,1871,1777,1676,1755,2475,2075,2004,1988,1222,961,1068,-,-,-,-,-,-
"기타","소계","소계",스포츠·레저용품,소계,면세점 이외,128,113,101,124,184,165,124,131,154,143,93,132,103,143,218,291,269,127,126,234,182,84,68,174,-,-,-,-,-,-
"기타","소계","소계",화장품,소계,면세점 이외,2094,1979,1701,1884,2598,2415,2089,3381,3998,4168,3200,4802,10022,1709,2374,1467,1344,1362,1161,1543,1422,695,478,709,-,-,-,-,-,-
"기타","소계","소계",아동·유아용품,소계,면세점 이외,175,126,129,171,169,132,727,520,229,182,91,187,145,285,627,589,1016,690,932,777,1224,1049,505,504,-,-,-,-,-,-
"기타","소계","소계",음·식료품,소계,면세점 이외,27,24,26,32,54,42,52,84,251,249,125,177,1370,117,34,75,71,84,69,34,160,9,9,12,-,-,-,-,-,-
"기타","소계","소계",농축수산물,소계,면세점 이외,1,0,0,1,3,0,0,0,0,0,0,2,2,3,1,3,1,0,0,0,10,0,0,0,-,-,-,-,-,-
"기타","소계","소계",생활·자동차용품,소계,면세점 이외,662,601,581,634,665,469,504,589,465,488,308,531,384,334,354,392,348,304,386,1093,276,180,89,65,-,-,-,-,-,-
"기타","소계","소계",기 타,소계,면세점 이외,885,747,734,835,795,747,716,770,711,688,469,1093,939,710,826,870,833,1241,1121,1072,2341,837,312,236,-,-,-,-,-,-
