"사망원인별(104항목)","성별","연령(5세)별",2018,2019,2020,2021,2022
"사망원인별(104항목)","성별","연령(5세)별",사망자수 (명),사망자수 (명),사망자수 (명),사망자수 (명),사망자수 (명)
"특정 감염성 및 기생충성 질환 (A00-B99, U07.1, U07.2, U10)","남자","0세",4,6,5,6,8
"특정 감염성 및 기생충성 질환 (A00-B99, U07.1, U07.2, U10)","남자","1 - 4세",5,5,1,1,11
"특정 감염성 및 기생충성 질환 (A00-B99, U07.1, U07.2, U10)","남자","5 - 9세",2,3,0,3,7
"특정 감염성 및 기생충성 질환 (A00-B99, U07.1, U07.2, U10)","남자","10 - 14세",1,1,1,2,5
"특정 감염성 및 기생충성 질환 (A00-B99, U07.1, U07.2, U10)","남자","15 - 19세",1,1,2,1,10
"특정 감염성 및 기생충성 질환 (A00-B99, U07.1, U07.2, U10)","남자","20 - 24세",6,7,2,2,18
"특정 감염성 및 기생충성 질환 (A00-B99, U07.1, U07.2, U10)","남자","25 - 29세",9,5,8,16,32
"특정 감염성 및 기생충성 질환 (A00-B99, U07.1, U07.2, U10)","남자","30 - 34세",19,10,14,12,40
"특정 감염성 및 기생충성 질환 (A00-B99, U07.1, U07.2, U10)","남자","35 - 39세",23,32,29,39,48
"특정 감염성 및 기생충성 질환 (A00-B99, U07.1, U07.2, U10)","남자","40 - 44세",54,44,61,68,106
"특정 감염성 및 기생충성 질환 (A00-B99, U07.1, U07.2, U10)","남자","45 - 49세",137,123,103,123,173
"특정 감염성 및 기생충성 질환 (A00-B99, U07.1, U07.2, U10)","남자","50 - 54세",196,191,151,239,367
"특정 감염성 및 기생충성 질환 (A00-B99, U07.1, U07.2, U10)","남자","55 - 59세",266,289,245,375,624
"특정 감염성 및 기생충성 질환 (A00-B99, U07.1, U07.2, U10)","남자","60 - 64세",286,320,349,587,1156
"특정 감염성 및 기생충성 질환 (A00-B99, U07.1, U07.2, U10)","남자","65 - 69세",298,280,408,717,1619
"특정 감염성 및 기생충성 질환 (A00-B99, U07.1, U07.2, U10)","남자","70 - 74세",436,391,489,880,2259
"특정 감염성 및 기생충성 질환 (A00-B99, U07.1, U07.2, U10)","남자","75 - 79세",760,688,829,1146,2971
"특정 감염성 및 기생충성 질환 (A00-B99, U07.1, U07.2, U10)","남자","80세이상",1706,1705,2192,3103,10194
"특정 감염성 및 기생충성 질환 (A00-B99, U07.1, U07.2, U10)","남자","80 - 84세",819,808,1012,1419,4318
"특정 감염성 및 기생충성 질환 (A00-B99, U07.1, U07.2, U10)","남자","85 - 89세",569,584,772,1105,3604
"특정 감염성 및 기생충성 질환 (A00-B99, U07.1, U07.2, U10)","남자","90세이상",318,313,408,579,2272
"특정 감염성 및 기생충성 질환 (A00-B99, U07.1, U07.2, U10)","남자","15세 미만",12,15,7,12,31
"특정 감염성 및 기생충성 질환 (A00-B99, U07.1, U07.2, U10)","남자","15 - 64세",997,1022,964,1462,2574
"특정 감염성 및 기생충성 질환 (A00-B99, U07.1, U07.2, U10)","남자","65세 이상",3200,3064,3918,5846,17043
"특정 감염성 및 기생충성 질환 (A00-B99, U07.1, U07.2, U10)","남자","연령미상",0,2,1,0,2
"특정 감염성 및 기생충성 질환 (A00-B99, U07.1, U07.2, U10)","여자","0세",0,3,1,4,5
"특정 감염성 및 기생충성 질환 (A00-B99, U07.1, U07.2, U10)","여자","1 - 4세",2,2,8,1,9
"특정 감염성 및 기생충성 질환 (A00-B99, U07.1, U07.2, U10)","여자","5 - 9세",1,4,1,1,10
"특정 감염성 및 기생충성 질환 (A00-B99, U07.1, U07.2, U10)","여자","10 - 14세",1,0,0,1,6
"특정 감염성 및 기생충성 질환 (A00-B99, U07.1, U07.2, U10)","여자","15 - 19세",4,3,2,0,7
"특정 감염성 및 기생충성 질환 (A00-B99, U07.1, U07.2, U10)","여자","20 - 24세",3,2,8,5,12
"특정 감염성 및 기생충성 질환 (A00-B99, U07.1, U07.2, U10)","여자","25 - 29세",7,4,8,3,17
"특정 감염성 및 기생충성 질환 (A00-B99, U07.1, U07.2, U10)","여자","30 - 34세",7,4,3,6,19
"특정 감염성 및 기생충성 질환 (A00-B99, U07.1, U07.2, U10)","여자","35 - 39세",5,11,16,25,33
"특정 감염성 및 기생충성 질환 (A00-B99, U07.1, U07.2, U10)","여자","40 - 44세",24,23,21,21,64
"특정 감염성 및 기생충성 질환 (A00-B99, U07.1, U07.2, U10)","여자","45 - 49세",32,31,37,56,118
"특정 감염성 및 기생충성 질환 (A00-B99, U07.1, U07.2, U10)","여자","50 - 54세",39,55,48,84,160
"특정 감염성 및 기생충성 질환 (A00-B99, U07.1, U07.2, U10)","여자","55 - 59세",99,86,86,122,270
"특정 감염성 및 기생충성 질환 (A00-B99, U07.1, U07.2, U10)","여자","60 - 64세",91,106,136,236,489
"특정 감염성 및 기생충성 질환 (A00-B99, U07.1, U07.2, U10)","여자","65 - 69세",179,149,188,359,762
"특정 감염성 및 기생충성 질환 (A00-B99, U07.1, U07.2, U10)","여자","70 - 74세",317,279,326,516,1195
"특정 감염성 및 기생충성 질환 (A00-B99, U07.1, U07.2, U10)","여자","75 - 79세",664,613,757,885,2194
"특정 감염성 및 기생충성 질환 (A00-B99, U07.1, U07.2, U10)","여자","80세이상",3061,3214,3883,5333,16760
"특정 감염성 및 기생충성 질환 (A00-B99, U07.1, U07.2, U10)","여자","80 - 84세",1031,1072,1258,1570,4378
"특정 감염성 및 기생충성 질환 (A00-B99, U07.1, U07.2, U10)","여자","85 - 89세",1105,1192,1374,1951,5914
"특정 감염성 및 기생충성 질환 (A00-B99, U07.1, U07.2, U10)","여자","90세이상",925,950,1251,1812,6468
"특정 감염성 및 기생충성 질환 (A00-B99, U07.1, U07.2, U10)","여자","15세 미만",4,9,10,7,30
"특정 감염성 및 기생충성 질환 (A00-B99, U07.1, U07.2, U10)","여자","15 - 64세",311,325,365,558,1189
"특정 감염성 및 기생충성 질환 (A00-B99, U07.1, U07.2, U10)","여자","65세 이상",4221,4255,5154,7093,20911
"특정 감염성 및 기생충성 질환 (A00-B99, U07.1, U07.2, U10)","여자","연령미상",1,0,0,0,3
"신생물 (C00-D48)","남자","0세",9,3,4,1,3
"신생물 (C00-D48)","남자","1 - 4세",12,22,20,14,15
"신생물 (C00-D48)","남자","5 - 9세",25,28,17,15,25
"신생물 (C00-D48)","남자","10 - 14세",26,26,32,35,29
"신생물 (C00-D48)","남자","15 - 19세",51,58,46,36,38
"신생물 (C00-D48)","남자","20 - 24세",69,73,60,72,59
"신생물 (C00-D48)","남자","25 - 29세",70,96,96,76,84
"신생물 (C00-D48)","남자","30 - 34세",132,135,121,110,129
"신생물 (C00-D48)","남자","35 - 39세",314,300,274,246,222
"신생물 (C00-D48)","남자","40 - 44세",557,536,469,511,510
"신생물 (C00-D48)","남자","45 - 49세",1258,1240,1128,1041,928
"신생물 (C00-D48)","남자","50 - 54세",2274,2256,2150,1935,1998
"신생물 (C00-D48)","남자","55 - 59세",4220,4246,3823,3488,3229
"신생물 (C00-D48)","남자","60 - 64세",5410,5740,5721,5826,5812
"신생물 (C00-D48)","남자","65 - 69세",6207,6276,6562,7021,7145
"신생물 (C00-D48)","남자","70 - 74세",7157,7376,7623,7732,7888
"신생물 (C00-D48)","남자","75 - 79세",9463,9248,9209,8738,8444
"신생물 (C00-D48)","남자","80세이상",12542,13497,14329,14929,15642
"신생물 (C00-D48)","남자","80 - 84세",7580,8018,8322,8526,8840
"신생물 (C00-D48)","남자","85 - 89세",3608,3954,4429,4768,5052
"신생물 (C00-D48)","남자","90세이상",1354,1525,1578,1635,1750
"신생물 (C00-D48)","남자","15세 미만",72,79,73,65,72
"신생물 (C00-D48)","남자","15 - 64세",14355,14680,13888,13341,13009
"신생물 (C00-D48)","남자","65세 이상",35369,36397,37723,38420,39119
"신생물 (C00-D48)","남자","연령미상",1,2,2,1,0
"신생물 (C00-D48)","여자","0세",6,3,0,3,2
"신생물 (C00-D48)","여자","1 - 4세",19,13,10,8,15
"신생물 (C00-D48)","여자","5 - 9세",26,13,14,23,18
"신생물 (C00-D48)","여자","10 - 14세",24,8,17,23,13
"신생물 (C00-D48)","여자","15 - 19세",28,23,18,17,20
"신생물 (C00-D48)","여자","20 - 24세",63,43,38,36,41
"신생물 (C00-D48)","여자","25 - 29세",74,82,89,60,74
"신생물 (C00-D48)","여자","30 - 34세",161,144,140,131,126
"신생물 (C00-D48)","여자","35 - 39세",392,361,395,298,280
"신생물 (C00-D48)","여자","40 - 44세",596,606,562,575,588
"신생물 (C00-D48)","여자","45 - 49세",1110,1103,1160,1035,1005
"신생물 (C00-D48)","여자","50 - 54세",1542,1566,1574,1565,1583
"신생물 (C00-D48)","여자","55 - 59세",2209,2249,2192,2104,1918
"신생물 (C00-D48)","여자","60 - 64세",2440,2637,2656,2855,2815
"신생물 (C00-D48)","여자","65 - 69세",2546,2619,2748,2977,3069
"신생물 (C00-D48)","여자","70 - 74세",3167,3331,3308,3329,3541
"신생물 (C00-D48)","여자","75 - 79세",5054,4904,4786,4552,4335
"신생물 (C00-D48)","여자","80세이상",11493,11980,12380,12943,13432
"신생물 (C00-D48)","여자","80 - 84세",5407,5527,5670,5704,5994
"신생물 (C00-D48)","여자","85 - 89세",3974,4248,4367,4782,4904
"신생물 (C00-D48)","여자","90세이상",2112,2205,2343,2457,2534
"신생물 (C00-D48)","여자","15세 미만",75,37,41,57,48
"신생물 (C00-D48)","여자","15 - 64세",8615,8814,8824,8676,8450
"신생물 (C00-D48)","여자","65세 이상",22260,22834,23222,23801,24377
"신생물 (C00-D48)","여자","연령미상",0,1,3,2,0
"혈액 및 조혈기관질환과 면역메커니즘을 침범하는 특정장애 (D50-D89) (명)","남자","0세",1,2,5,2,0
"혈액 및 조혈기관질환과 면역메커니즘을 침범하는 특정장애 (D50-D89) (명)","남자","1 - 4세",3,1,2,1,2
"혈액 및 조혈기관질환과 면역메커니즘을 침범하는 특정장애 (D50-D89) (명)","남자","5 - 9세",2,4,3,1,1
"혈액 및 조혈기관질환과 면역메커니즘을 침범하는 특정장애 (D50-D89) (명)","남자","10 - 14세",2,4,2,1,4
"혈액 및 조혈기관질환과 면역메커니즘을 침범하는 특정장애 (D50-D89) (명)","남자","15 - 19세",3,3,4,2,4
"혈액 및 조혈기관질환과 면역메커니즘을 침범하는 특정장애 (D50-D89) (명)","남자","20 - 24세",6,6,3,1,0
"혈액 및 조혈기관질환과 면역메커니즘을 침범하는 특정장애 (D50-D89) (명)","남자","25 - 29세",2,2,2,1,1
"혈액 및 조혈기관질환과 면역메커니즘을 침범하는 특정장애 (D50-D89) (명)","남자","30 - 34세",5,4,3,2,1
"혈액 및 조혈기관질환과 면역메커니즘을 침범하는 특정장애 (D50-D89) (명)","남자","35 - 39세",2,2,4,3,5
"혈액 및 조혈기관질환과 면역메커니즘을 침범하는 특정장애 (D50-D89) (명)","남자","40 - 44세",7,4,8,7,5
"혈액 및 조혈기관질환과 면역메커니즘을 침범하는 특정장애 (D50-D89) (명)","남자","45 - 49세",11,10,8,7,7
"혈액 및 조혈기관질환과 면역메커니즘을 침범하는 특정장애 (D50-D89) (명)","남자","50 - 54세",10,19,14,12,17
"혈액 및 조혈기관질환과 면역메커니즘을 침범하는 특정장애 (D50-D89) (명)","남자","55 - 59세",17,15,14,19,23
"혈액 및 조혈기관질환과 면역메커니즘을 침범하는 특정장애 (D50-D89) (명)","남자","60 - 64세",27,29,32,30,29
"혈액 및 조혈기관질환과 면역메커니즘을 침범하는 특정장애 (D50-D89) (명)","남자","65 - 69세",28,26,38,31,34
"혈액 및 조혈기관질환과 면역메커니즘을 침범하는 특정장애 (D50-D89) (명)","남자","70 - 74세",47,32,33,41,42
"혈액 및 조혈기관질환과 면역메커니즘을 침범하는 특정장애 (D50-D89) (명)","남자","75 - 79세",59,61,69,43,56
"혈액 및 조혈기관질환과 면역메커니즘을 침범하는 특정장애 (D50-D89) (명)","남자","80세이상",144,133,134,158,144
"혈액 및 조혈기관질환과 면역메커니즘을 침범하는 특정장애 (D50-D89) (명)","남자","80 - 84세",63,63,59,68,66
"혈액 및 조혈기관질환과 면역메커니즘을 침범하는 특정장애 (D50-D89) (명)","남자","85 - 89세",46,50,42,62,51
"혈액 및 조혈기관질환과 면역메커니즘을 침범하는 특정장애 (D50-D89) (명)","남자","90세이상",35,20,33,28,27
"혈액 및 조혈기관질환과 면역메커니즘을 침범하는 특정장애 (D50-D89) (명)","남자","15세 미만",8,11,12,5,7
"혈액 및 조혈기관질환과 면역메커니즘을 침범하는 특정장애 (D50-D89) (명)","남자","15 - 64세",90,94,92,84,92
"혈액 및 조혈기관질환과 면역메커니즘을 침범하는 특정장애 (D50-D89) (명)","남자","65세 이상",278,252,274,273,276
"혈액 및 조혈기관질환과 면역메커니즘을 침범하는 특정장애 (D50-D89) (명)","남자","연령미상",0,0,0,0,0
"혈액 및 조혈기관질환과 면역메커니즘을 침범하는 특정장애 (D50-D89) (명)","여자","0세",3,2,1,3,1
"혈액 및 조혈기관질환과 면역메커니즘을 침범하는 특정장애 (D50-D89) (명)","여자","1 - 4세",1,2,4,0,2
"혈액 및 조혈기관질환과 면역메커니즘을 침범하는 특정장애 (D50-D89) (명)","여자","5 - 9세",2,2,4,0,2
"혈액 및 조혈기관질환과 면역메커니즘을 침범하는 특정장애 (D50-D89) (명)","여자","10 - 14세",2,2,2,1,2
"혈액 및 조혈기관질환과 면역메커니즘을 침범하는 특정장애 (D50-D89) (명)","여자","15 - 19세",4,4,2,1,3
"혈액 및 조혈기관질환과 면역메커니즘을 침범하는 특정장애 (D50-D89) (명)","여자","20 - 24세",0,1,4,2,2
"혈액 및 조혈기관질환과 면역메커니즘을 침범하는 특정장애 (D50-D89) (명)","여자","25 - 29세",4,3,3,5,1
"혈액 및 조혈기관질환과 면역메커니즘을 침범하는 특정장애 (D50-D89) (명)","여자","30 - 34세",7,1,4,2,2
"혈액 및 조혈기관질환과 면역메커니즘을 침범하는 특정장애 (D50-D89) (명)","여자","35 - 39세",5,2,6,1,8
"혈액 및 조혈기관질환과 면역메커니즘을 침범하는 특정장애 (D50-D89) (명)","여자","40 - 44세",3,0,8,7,3
"혈액 및 조혈기관질환과 면역메커니즘을 침범하는 특정장애 (D50-D89) (명)","여자","45 - 49세",4,7,7,11,11
"혈액 및 조혈기관질환과 면역메커니즘을 침범하는 특정장애 (D50-D89) (명)","여자","50 - 54세",12,9,13,12,10
"혈액 및 조혈기관질환과 면역메커니즘을 침범하는 특정장애 (D50-D89) (명)","여자","55 - 59세",13,19,10,8,17
"혈액 및 조혈기관질환과 면역메커니즘을 침범하는 특정장애 (D50-D89) (명)","여자","60 - 64세",19,18,18,19,19
"혈액 및 조혈기관질환과 면역메커니즘을 침범하는 특정장애 (D50-D89) (명)","여자","65 - 69세",22,19,20,31,24
"혈액 및 조혈기관질환과 면역메커니즘을 침범하는 특정장애 (D50-D89) (명)","여자","70 - 74세",22,28,28,26,45
"혈액 및 조혈기관질환과 면역메커니즘을 침범하는 특정장애 (D50-D89) (명)","여자","75 - 79세",71,62,60,45,57
"혈액 및 조혈기관질환과 면역메커니즘을 침범하는 특정장애 (D50-D89) (명)","여자","80세이상",302,295,308,312,298
"혈액 및 조혈기관질환과 면역메커니즘을 침범하는 특정장애 (D50-D89) (명)","여자","80 - 84세",105,87,101,83,91
"혈액 및 조혈기관질환과 면역메커니즘을 침범하는 특정장애 (D50-D89) (명)","여자","85 - 89세",107,108,120,104,107
"혈액 및 조혈기관질환과 면역메커니즘을 침범하는 특정장애 (D50-D89) (명)","여자","90세이상",90,100,87,125,100
"혈액 및 조혈기관질환과 면역메커니즘을 침범하는 특정장애 (D50-D89) (명)","여자","15세 미만",8,8,11,4,7
"혈액 및 조혈기관질환과 면역메커니즘을 침범하는 특정장애 (D50-D89) (명)","여자","15 - 64세",71,64,75,68,76
"혈액 및 조혈기관질환과 면역메커니즘을 침범하는 특정장애 (D50-D89) (명)","여자","65세 이상",417,404,416,414,424
"혈액 및 조혈기관질환과 면역메커니즘을 침범하는 특정장애 (D50-D89) (명)","여자","연령미상",1,0,0,0,0
"내분비, 영양 및 대사 질환 (E00-E88)","남자","0세",4,4,1,1,6
"내분비, 영양 및 대사 질환 (E00-E88)","남자","1 - 4세",1,4,2,4,2
"내분비, 영양 및 대사 질환 (E00-E88)","남자","5 - 9세",3,1,2,3,2
"내분비, 영양 및 대사 질환 (E00-E88)","남자","10 - 14세",1,1,2,1,6
"내분비, 영양 및 대사 질환 (E00-E88)","남자","15 - 19세",3,1,3,5,5
"내분비, 영양 및 대사 질환 (E00-E88)","남자","20 - 24세",5,6,7,6,13
"내분비, 영양 및 대사 질환 (E00-E88)","남자","25 - 29세",9,16,11,12,14
"내분비, 영양 및 대사 질환 (E00-E88)","남자","30 - 34세",16,21,11,24,16
"내분비, 영양 및 대사 질환 (E00-E88)","남자","35 - 39세",21,40,34,32,39
"내분비, 영양 및 대사 질환 (E00-E88)","남자","40 - 44세",46,64,58,70,73
"내분비, 영양 및 대사 질환 (E00-E88)","남자","45 - 49세",139,112,150,129,134
"내분비, 영양 및 대사 질환 (E00-E88)","남자","50 - 54세",253,264,243,218,280
"내분비, 영양 및 대사 질환 (E00-E88)","남자","55 - 59세",397,363,392,395,426
"내분비, 영양 및 대사 질환 (E00-E88)","남자","60 - 64세",539,456,460,562,669
"내분비, 영양 및 대사 질환 (E00-E88)","남자","65 - 69세",516,474,480,608,683
"내분비, 영양 및 대사 질환 (E00-E88)","남자","70 - 74세",664,605,615,644,767
"내분비, 영양 및 대사 질환 (E00-E88)","남자","75 - 79세",952,822,884,836,1025
"내분비, 영양 및 대사 질환 (E00-E88)","남자","80세이상",1593,1563,1750,1923,2369
"내분비, 영양 및 대사 질환 (E00-E88)","남자","80 - 84세",840,851,911,1012,1195
"내분비, 영양 및 대사 질환 (E00-E88)","남자","85 - 89세",517,479,578,632,827
"내분비, 영양 및 대사 질환 (E00-E88)","남자","90세이상",236,233,261,279,347
"내분비, 영양 및 대사 질환 (E00-E88)","남자","15세 미만",9,10,7,9,16
"내분비, 영양 및 대사 질환 (E00-E88)","남자","15 - 64세",1428,1343,1369,1453,1669
"내분비, 영양 및 대사 질환 (E00-E88)","남자","65세 이상",3725,3464,3729,4011,4844
"내분비, 영양 및 대사 질환 (E00-E88)","남자","연령미상",3,0,0,0,0
"내분비, 영양 및 대사 질환 (E00-E88)","여자","0세",3,2,3,3,1
"내분비, 영양 및 대사 질환 (E00-E88)","여자","1 - 4세",1,2,0,1,1
"내분비, 영양 및 대사 질환 (E00-E88)","여자","5 - 9세",1,0,2,3,2
"내분비, 영양 및 대사 질환 (E00-E88)","여자","10 - 14세",5,3,3,1,2
"내분비, 영양 및 대사 질환 (E00-E88)","여자","15 - 19세",2,1,2,1,2
"내분비, 영양 및 대사 질환 (E00-E88)","여자","20 - 24세",8,5,5,5,2
"내분비, 영양 및 대사 질환 (E00-E88)","여자","25 - 29세",6,7,7,3,15
"내분비, 영양 및 대사 질환 (E00-E88)","여자","30 - 34세",10,10,12,10,11
"내분비, 영양 및 대사 질환 (E00-E88)","여자","35 - 39세",22,15,13,17,9
"내분비, 영양 및 대사 질환 (E00-E88)","여자","40 - 44세",27,26,27,23,23
"내분비, 영양 및 대사 질환 (E00-E88)","여자","45 - 49세",39,34,45,45,45
"내분비, 영양 및 대사 질환 (E00-E88)","여자","50 - 54세",73,52,64,59,72
"내분비, 영양 및 대사 질환 (E00-E88)","여자","55 - 59세",103,97,96,101,119
"내분비, 영양 및 대사 질환 (E00-E88)","여자","60 - 64세",172,140,161,136,201
"내분비, 영양 및 대사 질환 (E00-E88)","여자","65 - 69세",248,222,212,240,281
"내분비, 영양 및 대사 질환 (E00-E88)","여자","70 - 74세",376,329,328,354,417
"내분비, 영양 및 대사 질환 (E00-E88)","여자","75 - 79세",881,768,750,681,856
"내분비, 영양 및 대사 질환 (E00-E88)","여자","80세이상",3183,2971,3216,3368,4277
"내분비, 영양 및 대사 질환 (E00-E88)","여자","80 - 84세",1276,1179,1165,1208,1441
"내분비, 영양 및 대사 질환 (E00-E88)","여자","85 - 89세",1142,1061,1212,1277,1655
"내분비, 영양 및 대사 질환 (E00-E88)","여자","90세이상",765,731,839,883,1181
"내분비, 영양 및 대사 질환 (E00-E88)","여자","15세 미만",10,7,8,8,6
"내분비, 영양 및 대사 질환 (E00-E88)","여자","15 - 64세",462,387,432,400,499
"내분비, 영양 및 대사 질환 (E00-E88)","여자","65세 이상",4688,4290,4506,4643,5831
"내분비, 영양 및 대사 질환 (E00-E88)","여자","연령미상",0,1,1,0,0
"정신 및 행동장애 (F01-F99)","남자","0세",0,0,0,0,0
"정신 및 행동장애 (F01-F99)","남자","1 - 4세",0,0,0,0,0
"정신 및 행동장애 (F01-F99)","남자","5 - 9세",0,0,0,1,0
"정신 및 행동장애 (F01-F99)","남자","10 - 14세",0,0,1,0,0
"정신 및 행동장애 (F01-F99)","남자","15 - 19세",0,0,0,0,0
"정신 및 행동장애 (F01-F99)","남자","20 - 24세",0,0,1,1,0
"정신 및 행동장애 (F01-F99)","남자","25 - 29세",3,2,3,4,8
"정신 및 행동장애 (F01-F99)","남자","30 - 34세",7,5,10,3,10
"정신 및 행동장애 (F01-F99)","남자","35 - 39세",20,30,23,18,15
"정신 및 행동장애 (F01-F99)","남자","40 - 44세",55,45,49,43,41
"정신 및 행동장애 (F01-F99)","남자","45 - 49세",105,100,108,105,76
"정신 및 행동장애 (F01-F99)","남자","50 - 54세",157,153,178,149,180
"정신 및 행동장애 (F01-F99)","남자","55 - 59세",212,204,223,201,223
"정신 및 행동장애 (F01-F99)","남자","60 - 64세",193,197,247,222,237
"정신 및 행동장애 (F01-F99)","남자","65 - 69세",145,139,151,140,173
"정신 및 행동장애 (F01-F99)","남자","70 - 74세",131,166,141,139,144
"정신 및 행동장애 (F01-F99)","남자","75 - 79세",238,239,207,190,166
"정신 및 행동장애 (F01-F99)","남자","80세이상",844,814,781,616,662
"정신 및 행동장애 (F01-F99)","남자","80 - 84세",357,330,316,259,282
"정신 및 행동장애 (F01-F99)","남자","85 - 89세",265,266,273,207,224
"정신 및 행동장애 (F01-F99)","남자","90세이상",222,218,192,150,156
"정신 및 행동장애 (F01-F99)","남자","15세 미만",0,0,1,1,0
"정신 및 행동장애 (F01-F99)","남자","15 - 64세",752,736,842,746,790
"정신 및 행동장애 (F01-F99)","남자","65세 이상",1358,1358,1280,1085,1145
"정신 및 행동장애 (F01-F99)","남자","연령미상",1,1,1,0,0
"정신 및 행동장애 (F01-F99)","여자","0세",0,0,0,0,0
"정신 및 행동장애 (F01-F99)","여자","1 - 4세",0,0,0,0,0
"정신 및 행동장애 (F01-F99)","여자","5 - 9세",0,1,0,0,0
"정신 및 행동장애 (F01-F99)","여자","10 - 14세",0,0,1,0,0
"정신 및 행동장애 (F01-F99)","여자","15 - 19세",0,1,1,0,1
"정신 및 행동장애 (F01-F99)","여자","20 - 24세",1,1,2,2,0
"정신 및 행동장애 (F01-F99)","여자","25 - 29세",2,2,1,5,1
"정신 및 행동장애 (F01-F99)","여자","30 - 34세",4,4,6,2,4
"정신 및 행동장애 (F01-F99)","여자","35 - 39세",9,9,13,14,8
"정신 및 행동장애 (F01-F99)","여자","40 - 44세",15,13,14,13,12
"정신 및 행동장애 (F01-F99)","여자","45 - 49세",21,20,16,19,16
"정신 및 행동장애 (F01-F99)","여자","50 - 54세",18,22,28,24,26
"정신 및 행동장애 (F01-F99)","여자","55 - 59세",26,14,27,24,25
"정신 및 행동장애 (F01-F99)","여자","60 - 64세",29,27,28,26,30
"정신 및 행동장애 (F01-F99)","여자","65 - 69세",27,30,33,30,42
"정신 및 행동장애 (F01-F99)","여자","70 - 74세",49,58,44,49,56
"정신 및 행동장애 (F01-F99)","여자","75 - 79세",228,192,145,123,109
"정신 및 행동장애 (F01-F99)","여자","80세이상",2081,2183,1865,1337,1432
"정신 및 행동장애 (F01-F99)","여자","80 - 84세",459,463,386,282,271
"정신 및 행동장애 (F01-F99)","여자","85 - 89세",715,731,623,471,478
"정신 및 행동장애 (F01-F99)","여자","90세이상",907,989,856,584,683
"정신 및 행동장애 (F01-F99)","여자","15세 미만",0,1,1,0,0
"정신 및 행동장애 (F01-F99)","여자","15 - 64세",125,113,136,129,123
"정신 및 행동장애 (F01-F99)","여자","65세 이상",2385,2463,2087,1539,1639
"정신 및 행동장애 (F01-F99)","여자","연령미상",0,0,0,1,0
"신경계통의 질환 (G00-G98)","남자","0세",13,4,4,8,5
"신경계통의 질환 (G00-G98)","남자","1 - 4세",21,18,17,14,14
"신경계통의 질환 (G00-G98)","남자","5 - 9세",13,12,8,10,16
"신경계통의 질환 (G00-G98)","남자","10 - 14세",18,11,8,19,13
"신경계통의 질환 (G00-G98)","남자","15 - 19세",39,30,15,27,17
"신경계통의 질환 (G00-G98)","남자","20 - 24세",40,28,32,23,30
"신경계통의 질환 (G00-G98)","남자","25 - 29세",22,24,23,30,41
"신경계통의 질환 (G00-G98)","남자","30 - 34세",21,19,21,20,30
"신경계통의 질환 (G00-G98)","남자","35 - 39세",36,30,32,37,36
"신경계통의 질환 (G00-G98)","남자","40 - 44세",35,44,40,45,64
"신경계통의 질환 (G00-G98)","남자","45 - 49세",84,94,76,85,83
"신경계통의 질환 (G00-G98)","남자","50 - 54세",127,131,127,136,173
"신경계통의 질환 (G00-G98)","남자","55 - 59세",214,199,179,205,245
"신경계통의 질환 (G00-G98)","남자","60 - 64세",317,283,293,345,417
"신경계통의 질환 (G00-G98)","남자","65 - 69세",373,347,369,455,548
"신경계통의 질환 (G00-G98)","남자","70 - 74세",456,507,539,596,743
"신경계통의 질환 (G00-G98)","남자","75 - 79세",937,852,912,976,1140
"신경계통의 질환 (G00-G98)","남자","80세이상",2363,2406,2756,2952,4076
"신경계통의 질환 (G00-G98)","남자","80 - 84세",1150,1101,1242,1321,1694
"신경계통의 질환 (G00-G98)","남자","85 - 89세",724,764,933,1001,1473
"신경계통의 질환 (G00-G98)","남자","90세이상",489,541,581,630,909
"신경계통의 질환 (G00-G98)","남자","15세 미만",65,45,37,51,48
"신경계통의 질환 (G00-G98)","남자","15 - 64세",935,882,838,953,1136
"신경계통의 질환 (G00-G98)","남자","65세 이상",4129,4112,4576,4979,6507
"신경계통의 질환 (G00-G98)","남자","연령미상",0,1,1,0,0
"신경계통의 질환 (G00-G98)","여자","0세",9,5,1,2,2
"신경계통의 질환 (G00-G98)","여자","1 - 4세",13,16,11,6,10
"신경계통의 질환 (G00-G98)","여자","5 - 9세",10,8,2,7,6
"신경계통의 질환 (G00-G98)","여자","10 - 14세",13,11,8,7,12
"신경계통의 질환 (G00-G98)","여자","15 - 19세",14,12,6,11,14
"신경계통의 질환 (G00-G98)","여자","20 - 24세",18,15,11,12,21
"신경계통의 질환 (G00-G98)","여자","25 - 29세",10,15,11,7,10
"신경계통의 질환 (G00-G98)","여자","30 - 34세",17,15,13,12,13
"신경계통의 질환 (G00-G98)","여자","35 - 39세",20,25,20,22,16
"신경계통의 질환 (G00-G98)","여자","40 - 44세",23,25,34,25,36
"신경계통의 질환 (G00-G98)","여자","45 - 49세",41,37,40,30,54
"신경계통의 질환 (G00-G98)","여자","50 - 54세",65,50,57,61,77
"신경계통의 질환 (G00-G98)","여자","55 - 59세",103,103,102,112,116
"신경계통의 질환 (G00-G98)","여자","60 - 64세",146,164,157,188,211
"신경계통의 질환 (G00-G98)","여자","65 - 69세",207,208,198,258,303
"신경계통의 질환 (G00-G98)","여자","70 - 74세",390,327,368,389,499
"신경계통의 질환 (G00-G98)","여자","75 - 79세",929,829,846,869,1030
"신경계통의 질환 (G00-G98)","여자","80세이상",5660,5994,6453,6829,9733
"신경계통의 질환 (G00-G98)","여자","80 - 84세",1598,1586,1629,1713,2308
"신경계통의 질환 (G00-G98)","여자","85 - 89세",1965,2045,2217,2340,3301
"신경계통의 질환 (G00-G98)","여자","90세이상",2097,2363,2607,2776,4124
"신경계통의 질환 (G00-G98)","여자","15세 미만",45,40,22,22,30
"신경계통의 질환 (G00-G98)","여자","15 - 64세",457,461,451,480,568
"신경계통의 질환 (G00-G98)","여자","65세 이상",7186,7358,7865,8345,11565
"신경계통의 질환 (G00-G98)","여자","연령미상",1,4,0,1,0
"눈 및 눈부속기의 질환 (H00-H57)","남자","0세",0,0,0,0,0
"눈 및 눈부속기의 질환 (H00-H57)","남자","1 - 4세",0,0,0,0,0
"눈 및 눈부속기의 질환 (H00-H57)","남자","5 - 9세",0,0,0,0,0
"눈 및 눈부속기의 질환 (H00-H57)","남자","10 - 14세",0,0,0,0,0
"눈 및 눈부속기의 질환 (H00-H57)","남자","15 - 19세",0,0,0,0,0
"눈 및 눈부속기의 질환 (H00-H57)","남자","20 - 24세",0,0,0,0,0
"눈 및 눈부속기의 질환 (H00-H57)","남자","25 - 29세",0,0,0,0,0
"눈 및 눈부속기의 질환 (H00-H57)","남자","30 - 34세",0,0,0,0,0
"눈 및 눈부속기의 질환 (H00-H57)","남자","35 - 39세",0,0,0,0,0
"눈 및 눈부속기의 질환 (H00-H57)","남자","40 - 44세",0,0,0,0,0
"눈 및 눈부속기의 질환 (H00-H57)","남자","45 - 49세",0,0,0,0,0
"눈 및 눈부속기의 질환 (H00-H57)","남자","50 - 54세",0,0,0,0,0
"눈 및 눈부속기의 질환 (H00-H57)","남자","55 - 59세",0,0,0,0,0
"눈 및 눈부속기의 질환 (H00-H57)","남자","60 - 64세",0,0,0,0,0
"눈 및 눈부속기의 질환 (H00-H57)","남자","65 - 69세",0,0,0,0,0
"눈 및 눈부속기의 질환 (H00-H57)","남자","70 - 74세",1,0,0,0,0
"눈 및 눈부속기의 질환 (H00-H57)","남자","75 - 79세",0,1,0,0,0
"눈 및 눈부속기의 질환 (H00-H57)","남자","80세이상",0,0,0,0,0
"눈 및 눈부속기의 질환 (H00-H57)","남자","80 - 84세",0,0,0,0,0
"눈 및 눈부속기의 질환 (H00-H57)","남자","85 - 89세",0,0,0,0,0
"눈 및 눈부속기의 질환 (H00-H57)","남자","90세이상",0,0,0,0,0
"눈 및 눈부속기의 질환 (H00-H57)","남자","15세 미만",0,0,0,0,0
"눈 및 눈부속기의 질환 (H00-H57)","남자","15 - 64세",0,0,0,0,0
"눈 및 눈부속기의 질환 (H00-H57)","남자","65세 이상",1,1,0,0,0
"눈 및 눈부속기의 질환 (H00-H57)","남자","연령미상",0,0,0,0,0
"눈 및 눈부속기의 질환 (H00-H57)","여자","0세",0,0,0,0,0
"눈 및 눈부속기의 질환 (H00-H57)","여자","1 - 4세",0,0,0,0,0
"눈 및 눈부속기의 질환 (H00-H57)","여자","5 - 9세",0,0,0,0,0
"눈 및 눈부속기의 질환 (H00-H57)","여자","10 - 14세",0,0,0,0,0
"눈 및 눈부속기의 질환 (H00-H57)","여자","15 - 19세",0,0,0,0,0
"눈 및 눈부속기의 질환 (H00-H57)","여자","20 - 24세",0,0,0,0,0
"눈 및 눈부속기의 질환 (H00-H57)","여자","25 - 29세",0,0,0,1,0
"눈 및 눈부속기의 질환 (H00-H57)","여자","30 - 34세",0,0,0,0,0
"눈 및 눈부속기의 질환 (H00-H57)","여자","35 - 39세",0,0,0,0,0
"눈 및 눈부속기의 질환 (H00-H57)","여자","40 - 44세",0,0,0,0,0
"눈 및 눈부속기의 질환 (H00-H57)","여자","45 - 49세",1,0,0,0,0
"눈 및 눈부속기의 질환 (H00-H57)","여자","50 - 54세",0,0,0,0,0
"눈 및 눈부속기의 질환 (H00-H57)","여자","55 - 59세",0,0,0,0,0
"눈 및 눈부속기의 질환 (H00-H57)","여자","60 - 64세",0,0,0,0,0
"눈 및 눈부속기의 질환 (H00-H57)","여자","65 - 69세",1,0,0,1,0
"눈 및 눈부속기의 질환 (H00-H57)","여자","70 - 74세",0,0,0,0,0
"눈 및 눈부속기의 질환 (H00-H57)","여자","75 - 79세",0,0,1,0,0
"눈 및 눈부속기의 질환 (H00-H57)","여자","80세이상",2,0,0,0,0
"눈 및 눈부속기의 질환 (H00-H57)","여자","80 - 84세",0,0,0,0,0
"눈 및 눈부속기의 질환 (H00-H57)","여자","85 - 89세",1,0,0,0,0
"눈 및 눈부속기의 질환 (H00-H57)","여자","90세이상",1,0,0,0,0
"눈 및 눈부속기의 질환 (H00-H57)","여자","15세 미만",0,0,0,0,0
"눈 및 눈부속기의 질환 (H00-H57)","여자","15 - 64세",1,0,0,1,0
"눈 및 눈부속기의 질환 (H00-H57)","여자","65세 이상",3,0,1,1,0
"눈 및 눈부속기의 질환 (H00-H57)","여자","연령미상",0,0,0,0,0
"귀 및 유돌의 질환 (H60-H93)","남자","0세",0,0,0,0,0
"귀 및 유돌의 질환 (H60-H93)","남자","1 - 4세",0,0,0,0,0
"귀 및 유돌의 질환 (H60-H93)","남자","5 - 9세",0,0,0,0,0
"귀 및 유돌의 질환 (H60-H93)","남자","10 - 14세",0,0,0,0,0
"귀 및 유돌의 질환 (H60-H93)","남자","15 - 19세",0,0,0,0,0
"귀 및 유돌의 질환 (H60-H93)","남자","20 - 24세",0,0,0,0,0
"귀 및 유돌의 질환 (H60-H93)","남자","25 - 29세",0,0,0,1,0
"귀 및 유돌의 질환 (H60-H93)","남자","30 - 34세",0,0,0,0,0
"귀 및 유돌의 질환 (H60-H93)","남자","35 - 39세",0,0,0,0,0
"귀 및 유돌의 질환 (H60-H93)","남자","40 - 44세",0,0,0,0,0
"귀 및 유돌의 질환 (H60-H93)","남자","45 - 49세",0,0,0,0,0
"귀 및 유돌의 질환 (H60-H93)","남자","50 - 54세",0,0,0,0,0
"귀 및 유돌의 질환 (H60-H93)","남자","55 - 59세",0,0,0,0,0
"귀 및 유돌의 질환 (H60-H93)","남자","60 - 64세",0,0,0,0,0
"귀 및 유돌의 질환 (H60-H93)","남자","65 - 69세",2,0,1,0,0
"귀 및 유돌의 질환 (H60-H93)","남자","70 - 74세",2,1,0,1,0
"귀 및 유돌의 질환 (H60-H93)","남자","75 - 79세",1,1,0,0,2
"귀 및 유돌의 질환 (H60-H93)","남자","80세이상",0,1,3,2,1
"귀 및 유돌의 질환 (H60-H93)","남자","80 - 84세",0,1,2,2,0
"귀 및 유돌의 질환 (H60-H93)","남자","85 - 89세",0,0,1,0,1
"귀 및 유돌의 질환 (H60-H93)","남자","90세이상",0,0,0,0,0
"귀 및 유돌의 질환 (H60-H93)","남자","15세 미만",0,0,0,0,0
"귀 및 유돌의 질환 (H60-H93)","남자","15 - 64세",0,0,0,1,0
"귀 및 유돌의 질환 (H60-H93)","남자","65세 이상",5,3,4,3,3
"귀 및 유돌의 질환 (H60-H93)","남자","연령미상",0,0,0,0,0
"귀 및 유돌의 질환 (H60-H93)","여자","0세",0,0,0,0,0
"귀 및 유돌의 질환 (H60-H93)","여자","1 - 4세",0,0,0,0,0
"귀 및 유돌의 질환 (H60-H93)","여자","5 - 9세",0,0,0,0,0
"귀 및 유돌의 질환 (H60-H93)","여자","10 - 14세",0,0,0,0,0
"귀 및 유돌의 질환 (H60-H93)","여자","15 - 19세",0,0,0,0,0
"귀 및 유돌의 질환 (H60-H93)","여자","20 - 24세",0,0,0,0,0
"귀 및 유돌의 질환 (H60-H93)","여자","25 - 29세",0,0,0,0,0
"귀 및 유돌의 질환 (H60-H93)","여자","30 - 34세",0,0,0,0,0
"귀 및 유돌의 질환 (H60-H93)","여자","35 - 39세",0,0,0,0,0
"귀 및 유돌의 질환 (H60-H93)","여자","40 - 44세",0,0,0,0,0
"귀 및 유돌의 질환 (H60-H93)","여자","45 - 49세",0,0,0,0,0
"귀 및 유돌의 질환 (H60-H93)","여자","50 - 54세",0,0,0,0,0
"귀 및 유돌의 질환 (H60-H93)","여자","55 - 59세",0,0,0,0,0
"귀 및 유돌의 질환 (H60-H93)","여자","60 - 64세",1,0,0,0,0
"귀 및 유돌의 질환 (H60-H93)","여자","65 - 69세",0,0,0,0,0
"귀 및 유돌의 질환 (H60-H93)","여자","70 - 74세",0,0,0,0,1
"귀 및 유돌의 질환 (H60-H93)","여자","75 - 79세",0,0,0,0,1
"귀 및 유돌의 질환 (H60-H93)","여자","80세이상",3,3,1,2,2
"귀 및 유돌의 질환 (H60-H93)","여자","80 - 84세",1,1,1,2,0
"귀 및 유돌의 질환 (H60-H93)","여자","85 - 89세",2,2,0,0,1
"귀 및 유돌의 질환 (H60-H93)","여자","90세이상",0,0,0,0,1
"귀 및 유돌의 질환 (H60-H93)","여자","15세 미만",0,0,0,0,0
"귀 및 유돌의 질환 (H60-H93)","여자","15 - 64세",1,0,0,0,0
"귀 및 유돌의 질환 (H60-H93)","여자","65세 이상",3,3,1,2,4
"귀 및 유돌의 질환 (H60-H93)","여자","연령미상",0,0,0,0,0
"순환계통 질환 (I00-I99)","남자","0세",11,10,3,4,5
"순환계통 질환 (I00-I99)","남자","1 - 4세",7,6,3,8,4
"순환계통 질환 (I00-I99)","남자","5 - 9세",9,8,7,7,6
"순환계통 질환 (I00-I99)","남자","10 - 14세",9,9,14,6,4
"순환계통 질환 (I00-I99)","남자","15 - 19세",10,21,14,14,11
"순환계통 질환 (I00-I99)","남자","20 - 24세",32,40,33,26,21
"순환계통 질환 (I00-I99)","남자","25 - 29세",67,58,69,66,55
"순환계통 질환 (I00-I99)","남자","30 - 34세",129,115,129,106,105
"순환계통 질환 (I00-I99)","남자","35 - 39세",265,258,229,232,218
"순환계통 질환 (I00-I99)","남자","40 - 44세",456,419,454,398,471
"순환계통 질환 (I00-I99)","남자","45 - 49세",881,824,794,807,771
"순환계통 질환 (I00-I99)","남자","50 - 54세",1261,1294,1257,1192,1299
"순환계통 질환 (I00-I99)","남자","55 - 59세",2022,1872,1859,1721,1834
"순환계통 질환 (I00-I99)","남자","60 - 64세",2235,2258,2341,2493,2638
"순환계통 질환 (I00-I99)","남자","65 - 69세",2537,2408,2501,2655,2860
"순환계통 질환 (I00-I99)","남자","70 - 74세",3105,3064,3037,3136,3431
"순환계통 질환 (I00-I99)","남자","75 - 79세",5247,4862,4745,4321,4652
"순환계통 질환 (I00-I99)","남자","80세이상",11057,11143,12077,12533,14496
"순환계통 질환 (I00-I99)","남자","80 - 84세",5542,5387,5597,5774,6529
"순환계통 질환 (I00-I99)","남자","85 - 89세",3492,3570,4123,4374,5185
"순환계통 질환 (I00-I99)","남자","90세이상",2023,2186,2357,2385,2782
"순환계통 질환 (I00-I99)","남자","15세 미만",36,33,27,25,19
"순환계통 질환 (I00-I99)","남자","15 - 64세",7358,7159,7179,7055,7423
"순환계통 질환 (I00-I99)","남자","65세 이상",21946,21477,22360,22645,25439
"순환계통 질환 (I00-I99)","남자","연령미상",2,3,2,1,0
"순환계통 질환 (I00-I99)","여자","0세",4,7,2,6,5
"순환계통 질환 (I00-I99)","여자","1 - 4세",8,8,5,3,6
"순환계통 질환 (I00-I99)","여자","5 - 9세",5,4,8,3,7
"순환계통 질환 (I00-I99)","여자","10 - 14세",8,3,5,11,6
"순환계통 질환 (I00-I99)","여자","15 - 19세",13,16,8,12,6
"순환계통 질환 (I00-I99)","여자","20 - 24세",16,16,13,15,21
"순환계통 질환 (I00-I99)","여자","25 - 29세",33,23,29,19,35
"순환계통 질환 (I00-I99)","여자","30 - 34세",40,49,46,37,49
"순환계통 질환 (I00-I99)","여자","35 - 39세",89,80,82,100,81
"순환계통 질환 (I00-I99)","여자","40 - 44세",134,131,138,139,152
"순환계통 질환 (I00-I99)","여자","45 - 49세",283,259,244,243,247
"순환계통 질환 (I00-I99)","여자","50 - 54세",387,346,366,372,320
"순환계통 질환 (I00-I99)","여자","55 - 59세",542,511,525,442,524
"순환계통 질환 (I00-I99)","여자","60 - 64세",716,726,810,690,808
"순환계통 질환 (I00-I99)","여자","65 - 69세",1017,1006,1000,1063,1226
"순환계통 질환 (I00-I99)","여자","70 - 74세",1865,1703,1632,1787,1811
"순환계통 질환 (I00-I99)","여자","75 - 79세",4685,4088,3883,3624,3553
"순환계통 질환 (I00-I99)","여자","80세이상",23753,22599,23828,24072,27291
"순환계통 질환 (I00-I99)","여자","80 - 84세",7618,6910,7060,6806,7554
"순환계통 질환 (I00-I99)","여자","85 - 89세",8461,8034,8513,8597,9739
"순환계통 질환 (I00-I99)","여자","90세이상",7674,7655,8255,8669,9998
"순환계통 질환 (I00-I99)","여자","15세 미만",25,22,20,23,24
"순환계통 질환 (I00-I99)","여자","15 - 64세",2253,2157,2261,2069,2243
"순환계통 질환 (I00-I99)","여자","65세 이상",31320,29396,30343,30546,33881
"순환계통 질환 (I00-I99)","여자","연령미상",6,5,4,6,4
"호흡계통의 질환 (J00-J98,U04)","남자","0세",4,5,3,2,7
"호흡계통의 질환 (J00-J98,U04)","남자","1 - 4세",2,4,5,7,4
"호흡계통의 질환 (J00-J98,U04)","남자","5 - 9세",1,6,1,2,1
"호흡계통의 질환 (J00-J98,U04)","남자","10 - 14세",2,5,0,1,2
"호흡계통의 질환 (J00-J98,U04)","남자","15 - 19세",8,8,7,1,5
"호흡계통의 질환 (J00-J98,U04)","남자","20 - 24세",11,11,10,8,10
"호흡계통의 질환 (J00-J98,U04)","남자","25 - 29세",21,9,13,6,18
"호흡계통의 질환 (J00-J98,U04)","남자","30 - 34세",15,25,11,15,15
"호흡계통의 질환 (J00-J98,U04)","남자","35 - 39세",31,20,30,25,34
"호흡계통의 질환 (J00-J98,U04)","남자","40 - 44세",69,48,33,47,55
"호흡계통의 질환 (J00-J98,U04)","남자","45 - 49세",123,124,131,109,106
"호흡계통의 질환 (J00-J98,U04)","남자","50 - 54세",270,237,244,222,251
"호흡계통의 질환 (J00-J98,U04)","남자","55 - 59세",540,450,439,412,477
"호흡계통의 질환 (J00-J98,U04)","남자","60 - 64세",805,799,831,819,966
"호흡계통의 질환 (J00-J98,U04)","남자","65 - 69세",1192,1206,1221,1365,1446
"호흡계통의 질환 (J00-J98,U04)","남자","70 - 74세",2042,2016,2043,2081,2347
"호흡계통의 질환 (J00-J98,U04)","남자","75 - 79세",4065,3837,3787,3593,3731
"호흡계통의 질환 (J00-J98,U04)","남자","80세이상",11574,11700,11860,12577,14187
"호흡계통의 질환 (J00-J98,U04)","남자","80 - 84세",5177,5117,5113,5352,5870
"호흡계통의 질환 (J00-J98,U04)","남자","85 - 89세",4040,4080,4236,4629,5148
"호흡계통의 질환 (J00-J98,U04)","남자","90세이상",2357,2503,2511,2596,3169
"호흡계통의 질환 (J00-J98,U04)","남자","15세 미만",9,20,9,12,14
"호흡계통의 질환 (J00-J98,U04)","남자","15 - 64세",1893,1731,1749,1664,1937
"호흡계통의 질환 (J00-J98,U04)","남자","65세 이상",18873,18759,18911,19616,21711
"호흡계통의 질환 (J00-J98,U04)","남자","연령미상",2,3,2,1,0
"호흡계통의 질환 (J00-J98,U04)","여자","0세",5,3,4,2,3
"호흡계통의 질환 (J00-J98,U04)","여자","1 - 4세",5,2,3,0,6
"호흡계통의 질환 (J00-J98,U04)","여자","5 - 9세",2,1,1,1,4
"호흡계통의 질환 (J00-J98,U04)","여자","10 - 14세",5,2,2,2,0
"호흡계통의 질환 (J00-J98,U04)","여자","15 - 19세",2,4,6,2,4
"호흡계통의 질환 (J00-J98,U04)","여자","20 - 24세",6,6,6,5,7
"호흡계통의 질환 (J00-J98,U04)","여자","25 - 29세",7,7,5,1,8
"호흡계통의 질환 (J00-J98,U04)","여자","30 - 34세",9,11,11,7,6
"호흡계통의 질환 (J00-J98,U04)","여자","35 - 39세",15,14,21,12,20
"호흡계통의 질환 (J00-J98,U04)","여자","40 - 44세",28,26,18,27,29
"호흡계통의 질환 (J00-J98,U04)","여자","45 - 49세",51,53,51,41,56
"호흡계통의 질환 (J00-J98,U04)","여자","50 - 54세",80,85,73,84,95
"호흡계통의 질환 (J00-J98,U04)","여자","55 - 59세",147,118,120,122,157
"호흡계통의 질환 (J00-J98,U04)","여자","60 - 64세",251,210,219,234,266
"호흡계통의 질환 (J00-J98,U04)","여자","65 - 69세",389,351,342,380,434
"호흡계통의 질환 (J00-J98,U04)","여자","70 - 74세",719,667,664,744,769
"호흡계통의 질환 (J00-J98,U04)","여자","75 - 79세",2024,1818,1720,1580,1705
"호흡계통의 질환 (J00-J98,U04)","여자","80세이상",13238,12760,12426,12290,14686
"호흡계통의 질환 (J00-J98,U04)","여자","80 - 84세",3709,3399,3332,3255,3624
"호흡계통의 질환 (J00-J98,U04)","여자","85 - 89세",4562,4459,4363,4329,5095
"호흡계통의 질환 (J00-J98,U04)","여자","90세이상",4967,4902,4731,4706,5967
"호흡계통의 질환 (J00-J98,U04)","여자","15세 미만",17,8,10,5,13
"호흡계통의 질환 (J00-J98,U04)","여자","15 - 64세",596,534,530,535,648
"호흡계통의 질환 (J00-J98,U04)","여자","65세 이상",16370,15596,15152,14994,17594
"호흡계통의 질환 (J00-J98,U04)","여자","연령미상",3,4,5,4,2
"소화계통의 질환 (K00-K92)","남자","0세",2,3,4,5,3
"소화계통의 질환 (K00-K92)","남자","1 - 4세",2,1,2,2,2
"소화계통의 질환 (K00-K92)","남자","5 - 9세",3,0,2,0,2
"소화계통의 질환 (K00-K92)","남자","10 - 14세",1,1,2,2,2
"소화계통의 질환 (K00-K92)","남자","15 - 19세",1,1,3,1,3
"소화계통의 질환 (K00-K92)","남자","20 - 24세",12,6,4,8,7
"소화계통의 질환 (K00-K92)","남자","25 - 29세",10,15,18,17,22
"소화계통의 질환 (K00-K92)","남자","30 - 34세",34,56,42,51,57
"소화계통의 질환 (K00-K92)","남자","35 - 39세",123,125,128,120,118
"소화계통의 질환 (K00-K92)","남자","40 - 44세",293,225,254,263,318
"소화계통의 질환 (K00-K92)","남자","45 - 49세",651,568,591,580,529
"소화계통의 질환 (K00-K92)","남자","50 - 54세",914,928,916,880,890
"소화계통의 질환 (K00-K92)","남자","55 - 59세",1120,1106,1172,1090,1067
"소화계통의 질환 (K00-K92)","남자","60 - 64세",973,913,1042,1104,1172
"소화계통의 질환 (K00-K92)","남자","65 - 69세",689,658,768,862,945
"소화계통의 질환 (K00-K92)","남자","70 - 74세",558,632,674,695,771
"소화계통의 질환 (K00-K92)","남자","75 - 79세",842,736,774,789,792
"소화계통의 질환 (K00-K92)","남자","80세이상",1421,1340,1526,1640,1822
"소화계통의 질환 (K00-K92)","남자","80 - 84세",765,715,778,813,886
"소화계통의 질환 (K00-K92)","남자","85 - 89세",407,432,491,546,632
"소화계통의 질환 (K00-K92)","남자","90세이상",249,193,257,281,304
"소화계통의 질환 (K00-K92)","남자","15세 미만",8,5,10,9,9
"소화계통의 질환 (K00-K92)","남자","15 - 64세",4131,3943,4170,4114,4183
"소화계통의 질환 (K00-K92)","남자","65세 이상",3510,3366,3742,3986,4330
"소화계통의 질환 (K00-K92)","남자","연령미상",1,2,0,0,0
"소화계통의 질환 (K00-K92)","여자","0세",2,1,2,2,0
"소화계통의 질환 (K00-K92)","여자","1 - 4세",0,0,2,1,1
"소화계통의 질환 (K00-K92)","여자","5 - 9세",2,0,2,1,0
"소화계통의 질환 (K00-K92)","여자","10 - 14세",0,1,1,1,0
"소화계통의 질환 (K00-K92)","여자","15 - 19세",4,2,0,1,2
"소화계통의 질환 (K00-K92)","여자","20 - 24세",1,1,4,5,2
"소화계통의 질환 (K00-K92)","여자","25 - 29세",10,13,16,14,16
"소화계통의 질환 (K00-K92)","여자","30 - 34세",30,27,28,22,33
"소화계통의 질환 (K00-K92)","여자","35 - 39세",57,70,76,63,68
"소화계통의 질환 (K00-K92)","여자","40 - 44세",117,106,111,130,119
"소화계통의 질환 (K00-K92)","여자","45 - 49세",164,148,150,143,184
"소화계통의 질환 (K00-K92)","여자","50 - 54세",156,172,166,200,205
"소화계통의 질환 (K00-K92)","여자","55 - 59세",200,175,179,181,191
"소화계통의 질환 (K00-K92)","여자","60 - 64세",201,182,213,210,252
"소화계통의 질환 (K00-K92)","여자","65 - 69세",210,211,217,232,284
"소화계통의 질환 (K00-K92)","여자","70 - 74세",305,317,312,328,354
"소화계통의 질환 (K00-K92)","여자","75 - 79세",622,592,579,570,621
"소화계통의 질환 (K00-K92)","여자","80세이상",2668,2627,2890,2931,3269
"소화계통의 질환 (K00-K92)","여자","80 - 84세",960,914,961,967,1098
"소화계통의 질환 (K00-K92)","여자","85 - 89세",915,938,1014,1064,1186
"소화계통의 질환 (K00-K92)","여자","90세이상",793,775,915,900,985
"소화계통의 질환 (K00-K92)","여자","15세 미만",4,2,7,5,1
"소화계통의 질환 (K00-K92)","여자","15 - 64세",940,896,943,969,1072
"소화계통의 질환 (K00-K92)","여자","65세 이상",3805,3747,3998,4061,4528
"소화계통의 질환 (K00-K92)","여자","연령미상",2,2,0,0,0
"피부 및 피하조직의 질환 (L00-L98)","남자","0세",0,0,0,1,0
"피부 및 피하조직의 질환 (L00-L98)","남자","1 - 4세",0,0,0,0,0
"피부 및 피하조직의 질환 (L00-L98)","남자","5 - 9세",0,0,0,0,0
"피부 및 피하조직의 질환 (L00-L98)","남자","10 - 14세",0,0,0,0,0
"피부 및 피하조직의 질환 (L00-L98)","남자","15 - 19세",0,0,1,0,0
"피부 및 피하조직의 질환 (L00-L98)","남자","20 - 24세",0,0,0,0,0
"피부 및 피하조직의 질환 (L00-L98)","남자","25 - 29세",0,0,1,0,0
"피부 및 피하조직의 질환 (L00-L98)","남자","30 - 34세",0,0,0,1,0
"피부 및 피하조직의 질환 (L00-L98)","남자","35 - 39세",0,0,2,0,2
"피부 및 피하조직의 질환 (L00-L98)","남자","40 - 44세",2,3,2,0,0
"피부 및 피하조직의 질환 (L00-L98)","남자","45 - 49세",3,1,4,8,4
"피부 및 피하조직의 질환 (L00-L98)","남자","50 - 54세",5,5,10,5,7
"피부 및 피하조직의 질환 (L00-L98)","남자","55 - 59세",14,10,13,6,9
"피부 및 피하조직의 질환 (L00-L98)","남자","60 - 64세",14,14,19,17,17
"피부 및 피하조직의 질환 (L00-L98)","남자","65 - 69세",22,13,14,14,9
"피부 및 피하조직의 질환 (L00-L98)","남자","70 - 74세",21,22,25,25,25
"피부 및 피하조직의 질환 (L00-L98)","남자","75 - 79세",51,39,42,25,34
"피부 및 피하조직의 질환 (L00-L98)","남자","80세이상",107,96,108,107,87
"피부 및 피하조직의 질환 (L00-L98)","남자","80 - 84세",57,49,49,48,41
"피부 및 피하조직의 질환 (L00-L98)","남자","85 - 89세",33,30,39,31,24
"피부 및 피하조직의 질환 (L00-L98)","남자","90세이상",17,17,20,28,22
"피부 및 피하조직의 질환 (L00-L98)","남자","15세 미만",0,0,0,1,0
"피부 및 피하조직의 질환 (L00-L98)","남자","15 - 64세",38,33,52,37,39
"피부 및 피하조직의 질환 (L00-L98)","남자","65세 이상",201,170,189,171,155
"피부 및 피하조직의 질환 (L00-L98)","남자","연령미상",0,0,0,0,0
"피부 및 피하조직의 질환 (L00-L98)","여자","0세",0,0,0,0,0
"피부 및 피하조직의 질환 (L00-L98)","여자","1 - 4세",0,0,0,0,0
"피부 및 피하조직의 질환 (L00-L98)","여자","5 - 9세",0,0,0,0,0
"피부 및 피하조직의 질환 (L00-L98)","여자","10 - 14세",0,0,0,0,0
"피부 및 피하조직의 질환 (L00-L98)","여자","15 - 19세",0,0,0,0,0
"피부 및 피하조직의 질환 (L00-L98)","여자","20 - 24세",0,0,0,0,0
"피부 및 피하조직의 질환 (L00-L98)","여자","25 - 29세",0,0,0,1,0
"피부 및 피하조직의 질환 (L00-L98)","여자","30 - 34세",1,1,1,0,0
"피부 및 피하조직의 질환 (L00-L98)","여자","35 - 39세",0,0,0,2,0
"피부 및 피하조직의 질환 (L00-L98)","여자","40 - 44세",0,4,1,1,0
"피부 및 피하조직의 질환 (L00-L98)","여자","45 - 49세",0,2,1,3,3
"피부 및 피하조직의 질환 (L00-L98)","여자","50 - 54세",4,3,1,2,1
"피부 및 피하조직의 질환 (L00-L98)","여자","55 - 59세",6,5,2,3,5
"피부 및 피하조직의 질환 (L00-L98)","여자","60 - 64세",8,5,1,6,6
"피부 및 피하조직의 질환 (L00-L98)","여자","65 - 69세",16,12,16,7,9
"피부 및 피하조직의 질환 (L00-L98)","여자","70 - 74세",20,19,14,17,17
"피부 및 피하조직의 질환 (L00-L98)","여자","75 - 79세",54,42,46,37,39
"피부 및 피하조직의 질환 (L00-L98)","여자","80세이상",264,320,244,245,271
"피부 및 피하조직의 질환 (L00-L98)","여자","80 - 84세",80,91,66,74,95
"피부 및 피하조직의 질환 (L00-L98)","여자","85 - 89세",98,125,79,84,80
"피부 및 피하조직의 질환 (L00-L98)","여자","90세이상",86,104,99,87,96
"피부 및 피하조직의 질환 (L00-L98)","여자","15세 미만",0,0,0,0,0
"피부 및 피하조직의 질환 (L00-L98)","여자","15 - 64세",19,20,7,18,15
"피부 및 피하조직의 질환 (L00-L98)","여자","65세 이상",354,393,320,306,336
"피부 및 피하조직의 질환 (L00-L98)","여자","연령미상",0,1,0,0,0
"근골격계통 및 결합 조직의 질환 (M00-M99)","남자","0세",0,0,0,0,0
"근골격계통 및 결합 조직의 질환 (M00-M99)","남자","1 - 4세",0,0,0,0,0
"근골격계통 및 결합 조직의 질환 (M00-M99)","남자","5 - 9세",1,1,1,0,0
"근골격계통 및 결합 조직의 질환 (M00-M99)","남자","10 - 14세",0,0,0,0,1
"근골격계통 및 결합 조직의 질환 (M00-M99)","남자","15 - 19세",2,2,0,2,0
"근골격계통 및 결합 조직의 질환 (M00-M99)","남자","20 - 24세",2,1,1,0,0
"근골격계통 및 결합 조직의 질환 (M00-M99)","남자","25 - 29세",1,2,1,1,5
"근골격계통 및 결합 조직의 질환 (M00-M99)","남자","30 - 34세",3,3,4,2,5
"근골격계통 및 결합 조직의 질환 (M00-M99)","남자","35 - 39세",1,6,2,5,6
"근골격계통 및 결합 조직의 질환 (M00-M99)","남자","40 - 44세",3,7,5,5,3
"근골격계통 및 결합 조직의 질환 (M00-M99)","남자","45 - 49세",12,12,8,11,11
"근골격계통 및 결합 조직의 질환 (M00-M99)","남자","50 - 54세",16,17,14,21,18
"근골격계통 및 결합 조직의 질환 (M00-M99)","남자","55 - 59세",28,33,23,36,38
"근골격계통 및 결합 조직의 질환 (M00-M99)","남자","60 - 64세",36,42,42,28,42
"근골격계통 및 결합 조직의 질환 (M00-M99)","남자","65 - 69세",43,40,47,49,62
"근골격계통 및 결합 조직의 질환 (M00-M99)","남자","70 - 74세",63,62,61,70,64
"근골격계통 및 결합 조직의 질환 (M00-M99)","남자","75 - 79세",89,104,79,90,98
"근골격계통 및 결합 조직의 질환 (M00-M99)","남자","80세이상",176,165,201,220,245
"근골격계통 및 결합 조직의 질환 (M00-M99)","남자","80 - 84세",84,68,96,98,113
"근골격계통 및 결합 조직의 질환 (M00-M99)","남자","85 - 89세",58,62,61,76,82
"근골격계통 및 결합 조직의 질환 (M00-M99)","남자","90세이상",34,35,44,46,50
"근골격계통 및 결합 조직의 질환 (M00-M99)","남자","15세 미만",1,1,1,0,1
"근골격계통 및 결합 조직의 질환 (M00-M99)","남자","15 - 64세",104,125,100,111,128
"근골격계통 및 결합 조직의 질환 (M00-M99)","남자","65세 이상",371,371,388,429,469
"근골격계통 및 결합 조직의 질환 (M00-M99)","남자","연령미상",0,0,0,0,0
"근골격계통 및 결합 조직의 질환 (M00-M99)","여자","0세",0,0,0,0,0
"근골격계통 및 결합 조직의 질환 (M00-M99)","여자","1 - 4세",0,0,0,0,0
"근골격계통 및 결합 조직의 질환 (M00-M99)","여자","5 - 9세",0,0,0,1,1
"근골격계통 및 결합 조직의 질환 (M00-M99)","여자","10 - 14세",0,1,3,0,1
"근골격계통 및 결합 조직의 질환 (M00-M99)","여자","15 - 19세",3,3,3,1,0
"근골격계통 및 결합 조직의 질환 (M00-M99)","여자","20 - 24세",4,3,2,2,4
"근골격계통 및 결합 조직의 질환 (M00-M99)","여자","25 - 29세",8,4,2,1,5
"근골격계통 및 결합 조직의 질환 (M00-M99)","여자","30 - 34세",2,7,2,6,3
"근골격계통 및 결합 조직의 질환 (M00-M99)","여자","35 - 39세",11,9,7,6,8
"근골격계통 및 결합 조직의 질환 (M00-M99)","여자","40 - 44세",10,10,4,8,9
"근골격계통 및 결합 조직의 질환 (M00-M99)","여자","45 - 49세",16,22,15,8,11
"근골격계통 및 결합 조직의 질환 (M00-M99)","여자","50 - 54세",22,21,21,14,18
"근골격계통 및 결합 조직의 질환 (M00-M99)","여자","55 - 59세",31,28,21,21,25
"근골격계통 및 결합 조직의 질환 (M00-M99)","여자","60 - 64세",37,32,34,31,40
"근골격계통 및 결합 조직의 질환 (M00-M99)","여자","65 - 69세",44,53,44,51,41
"근골격계통 및 결합 조직의 질환 (M00-M99)","여자","70 - 74세",68,64,67,59,71
"근골격계통 및 결합 조직의 질환 (M00-M99)","여자","75 - 79세",134,115,123,112,111
"근골격계통 및 결합 조직의 질환 (M00-M99)","여자","80세이상",546,497,576,516,647
"근골격계통 및 결합 조직의 질환 (M00-M99)","여자","80 - 84세",166,157,167,154,193
"근골격계통 및 결합 조직의 질환 (M00-M99)","여자","85 - 89세",191,166,195,179,245
"근골격계통 및 결합 조직의 질환 (M00-M99)","여자","90세이상",189,174,214,183,209
"근골격계통 및 결합 조직의 질환 (M00-M99)","여자","15세 미만",0,1,3,1,2
"근골격계통 및 결합 조직의 질환 (M00-M99)","여자","15 - 64세",144,139,111,98,123
"근골격계통 및 결합 조직의 질환 (M00-M99)","여자","65세 이상",792,729,810,738,870
"근골격계통 및 결합 조직의 질환 (M00-M99)","여자","연령미상",0,0,0,0,1
"비뇨생식계통의 질환 (N00-N98)","남자","0세",0,1,1,1,0
"비뇨생식계통의 질환 (N00-N98)","남자","1 - 4세",0,0,0,0,2
"비뇨생식계통의 질환 (N00-N98)","남자","5 - 9세",0,0,0,0,0
"비뇨생식계통의 질환 (N00-N98)","남자","10 - 14세",1,1,0,0,0
"비뇨생식계통의 질환 (N00-N98)","남자","15 - 19세",0,0,2,0,0
"비뇨생식계통의 질환 (N00-N98)","남자","20 - 24세",2,1,1,2,0
"비뇨생식계통의 질환 (N00-N98)","남자","25 - 29세",7,2,7,4,5
"비뇨생식계통의 질환 (N00-N98)","남자","30 - 34세",2,3,9,4,10
"비뇨생식계통의 질환 (N00-N98)","남자","35 - 39세",12,17,14,14,8
"비뇨생식계통의 질환 (N00-N98)","남자","40 - 44세",23,19,19,20,27
"비뇨생식계통의 질환 (N00-N98)","남자","45 - 49세",60,34,54,46,47
"비뇨생식계통의 질환 (N00-N98)","남자","50 - 54세",95,105,119,84,88
"비뇨생식계통의 질환 (N00-N98)","남자","55 - 59세",182,154,163,156,151
"비뇨생식계통의 질환 (N00-N98)","남자","60 - 64세",225,233,271,273,277
"비뇨생식계통의 질환 (N00-N98)","남자","65 - 69세",241,303,306,336,347
"비뇨생식계통의 질환 (N00-N98)","남자","70 - 74세",391,405,450,474,496
"비뇨생식계통의 질환 (N00-N98)","남자","75 - 79세",696,709,691,679,676
"비뇨생식계통의 질환 (N00-N98)","남자","80세이상",1609,1725,2006,2130,2284
"비뇨생식계통의 질환 (N00-N98)","남자","80 - 84세",782,796,891,911,969
"비뇨생식계통의 질환 (N00-N98)","남자","85 - 89세",519,609,701,749,864
"비뇨생식계통의 질환 (N00-N98)","남자","90세이상",308,320,414,470,451
"비뇨생식계통의 질환 (N00-N98)","남자","15세 미만",1,2,1,1,2
"비뇨생식계통의 질환 (N00-N98)","남자","15 - 64세",608,568,659,603,613
"비뇨생식계통의 질환 (N00-N98)","남자","65세 이상",2937,3142,3453,3619,3803
"비뇨생식계통의 질환 (N00-N98)","남자","연령미상",2,0,0,0,0
"비뇨생식계통의 질환 (N00-N98)","여자","0세",1,1,1,1,0
"비뇨생식계통의 질환 (N00-N98)","여자","1 - 4세",0,0,0,0,0
"비뇨생식계통의 질환 (N00-N98)","여자","5 - 9세",0,0,0,0,0
"비뇨생식계통의 질환 (N00-N98)","여자","10 - 14세",0,1,0,0,0
"비뇨생식계통의 질환 (N00-N98)","여자","15 - 19세",0,0,1,0,2
"비뇨생식계통의 질환 (N00-N98)","여자","20 - 24세",3,1,2,1,1
"비뇨생식계통의 질환 (N00-N98)","여자","25 - 29세",3,0,1,6,2
"비뇨생식계통의 질환 (N00-N98)","여자","30 - 34세",3,4,2,5,8
"비뇨생식계통의 질환 (N00-N98)","여자","35 - 39세",12,9,10,5,2
"비뇨생식계통의 질환 (N00-N98)","여자","40 - 44세",15,13,15,18,26
"비뇨생식계통의 질환 (N00-N98)","여자","45 - 49세",34,23,29,24,37
"비뇨생식계통의 질환 (N00-N98)","여자","50 - 54세",55,44,47,43,45
"비뇨생식계통의 질환 (N00-N98)","여자","55 - 59세",84,83,86,67,80
"비뇨생식계통의 질환 (N00-N98)","여자","60 - 64세",130,119,138,152,146
"비뇨생식계통의 질환 (N00-N98)","여자","65 - 69세",194,158,195,200,227
"비뇨생식계통의 질환 (N00-N98)","여자","70 - 74세",299,363,328,316,384
"비뇨생식계통의 질환 (N00-N98)","여자","75 - 79세",725,713,731,695,680
"비뇨생식계통의 질환 (N00-N98)","여자","80세이상",3054,3321,3644,4023,4173
"비뇨생식계통의 질환 (N00-N98)","여자","80 - 84세",1111,1167,1171,1288,1308
"비뇨생식계통의 질환 (N00-N98)","여자","85 - 89세",1064,1169,1341,1485,1536
"비뇨생식계통의 질환 (N00-N98)","여자","90세이상",879,985,1132,1250,1329
"비뇨생식계통의 질환 (N00-N98)","여자","15세 미만",1,2,1,1,0
"비뇨생식계통의 질환 (N00-N98)","여자","15 - 64세",339,296,331,321,349
"비뇨생식계통의 질환 (N00-N98)","여자","65세 이상",4272,4555,4898,5234,5464
"비뇨생식계통의 질환 (N00-N98)","여자","연령미상",0,0,0,0,0
"임신, 출산 및 산후기 (O00-O99)","남자","0세",0,0,0,0,0
"임신, 출산 및 산후기 (O00-O99)","남자","1 - 4세",0,0,0,0,0
"임신, 출산 및 산후기 (O00-O99)","남자","5 - 9세",0,0,0,0,0
"임신, 출산 및 산후기 (O00-O99)","남자","10 - 14세",0,0,0,0,0
"임신, 출산 및 산후기 (O00-O99)","남자","15 - 19세",0,0,0,0,0
"임신, 출산 및 산후기 (O00-O99)","남자","20 - 24세",0,0,0,0,0
"임신, 출산 및 산후기 (O00-O99)","남자","25 - 29세",0,0,0,0,0
"임신, 출산 및 산후기 (O00-O99)","남자","30 - 34세",0,0,0,0,0
"임신, 출산 및 산후기 (O00-O99)","남자","35 - 39세",0,0,0,0,0
"임신, 출산 및 산후기 (O00-O99)","남자","40 - 44세",0,0,0,0,0
"임신, 출산 및 산후기 (O00-O99)","남자","45 - 49세",0,0,0,0,0
"임신, 출산 및 산후기 (O00-O99)","남자","50 - 54세",0,0,0,0,0
"임신, 출산 및 산후기 (O00-O99)","남자","55 - 59세",0,0,0,0,0
"임신, 출산 및 산후기 (O00-O99)","남자","60 - 64세",0,0,0,0,0
"임신, 출산 및 산후기 (O00-O99)","남자","65 - 69세",0,0,0,0,0
"임신, 출산 및 산후기 (O00-O99)","남자","70 - 74세",0,0,0,0,0
"임신, 출산 및 산후기 (O00-O99)","남자","75 - 79세",0,0,0,0,0
"임신, 출산 및 산후기 (O00-O99)","남자","80세이상",0,0,0,0,0
"임신, 출산 및 산후기 (O00-O99)","남자","80 - 84세",0,0,0,0,0
"임신, 출산 및 산후기 (O00-O99)","남자","85 - 89세",0,0,0,0,0
"임신, 출산 및 산후기 (O00-O99)","남자","90세이상",0,0,0,0,0
"임신, 출산 및 산후기 (O00-O99)","남자","15세 미만",0,0,0,0,0
"임신, 출산 및 산후기 (O00-O99)","남자","15 - 64세",0,0,0,0,0
"임신, 출산 및 산후기 (O00-O99)","남자","65세 이상",0,0,0,0,0
"임신, 출산 및 산후기 (O00-O99)","남자","연령미상",0,0,0,0,0
"임신, 출산 및 산후기 (O00-O99)","여자","0세",0,0,0,0,0
"임신, 출산 및 산후기 (O00-O99)","여자","1 - 4세",0,0,0,0,0
"임신, 출산 및 산후기 (O00-O99)","여자","5 - 9세",0,0,0,0,0
"임신, 출산 및 산후기 (O00-O99)","여자","10 - 14세",0,0,0,0,0
"임신, 출산 및 산후기 (O00-O99)","여자","15 - 19세",0,0,1,0,0
"임신, 출산 및 산후기 (O00-O99)","여자","20 - 24세",2,1,0,1,0
"임신, 출산 및 산후기 (O00-O99)","여자","25 - 29세",5,5,5,4,1
"임신, 출산 및 산후기 (O00-O99)","여자","30 - 34세",18,13,11,9,10
"임신, 출산 및 산후기 (O00-O99)","여자","35 - 39세",15,14,15,6,12
"임신, 출산 및 산후기 (O00-O99)","여자","40 - 44세",1,3,4,4,2
"임신, 출산 및 산후기 (O00-O99)","여자","45 - 49세",0,0,0,0,0
"임신, 출산 및 산후기 (O00-O99)","여자","50 - 54세",0,0,0,0,0
"임신, 출산 및 산후기 (O00-O99)","여자","55 - 59세",0,0,0,0,0
"임신, 출산 및 산후기 (O00-O99)","여자","60 - 64세",0,0,0,0,0
"임신, 출산 및 산후기 (O00-O99)","여자","65 - 69세",0,0,0,0,0
"임신, 출산 및 산후기 (O00-O99)","여자","70 - 74세",0,0,0,0,0
"임신, 출산 및 산후기 (O00-O99)","여자","75 - 79세",0,0,0,0,0
"임신, 출산 및 산후기 (O00-O99)","여자","80세이상",0,0,0,0,0
"임신, 출산 및 산후기 (O00-O99)","여자","80 - 84세",0,0,0,0,0
"임신, 출산 및 산후기 (O00-O99)","여자","85 - 89세",0,0,0,0,0
"임신, 출산 및 산후기 (O00-O99)","여자","90세이상",0,0,0,0,0
"임신, 출산 및 산후기 (O00-O99)","여자","15세 미만",0,0,0,0,0
"임신, 출산 및 산후기 (O00-O99)","여자","15 - 64세",41,36,36,24,25
"임신, 출산 및 산후기 (O00-O99)","여자","65세 이상",0,0,0,0,0
"임신, 출산 및 산후기 (O00-O99)","여자","연령미상",0,0,0,0,0
"출생전후기에 기원한 특정병태 (P00-P96)","남자","0세",278,232,182,158,156
"출생전후기에 기원한 특정병태 (P00-P96)","남자","1 - 4세",3,1,1,1,5
"출생전후기에 기원한 특정병태 (P00-P96)","남자","5 - 9세",0,1,0,1,2
"출생전후기에 기원한 특정병태 (P00-P96)","남자","10 - 14세",0,0,0,0,0
"출생전후기에 기원한 특정병태 (P00-P96)","남자","15 - 19세",0,0,0,0,1
"출생전후기에 기원한 특정병태 (P00-P96)","남자","20 - 24세",0,0,0,0,0
"출생전후기에 기원한 특정병태 (P00-P96)","남자","25 - 29세",0,0,0,0,0
"출생전후기에 기원한 특정병태 (P00-P96)","남자","30 - 34세",0,0,0,0,0
"출생전후기에 기원한 특정병태 (P00-P96)","남자","35 - 39세",0,0,0,0,0
"출생전후기에 기원한 특정병태 (P00-P96)","남자","40 - 44세",0,0,0,0,0
"출생전후기에 기원한 특정병태 (P00-P96)","남자","45 - 49세",0,0,0,0,0
"출생전후기에 기원한 특정병태 (P00-P96)","남자","50 - 54세",0,0,0,0,0
"출생전후기에 기원한 특정병태 (P00-P96)","남자","55 - 59세",0,0,0,0,0
"출생전후기에 기원한 특정병태 (P00-P96)","남자","60 - 64세",0,0,0,0,0
"출생전후기에 기원한 특정병태 (P00-P96)","남자","65 - 69세",0,0,0,0,0
"출생전후기에 기원한 특정병태 (P00-P96)","남자","70 - 74세",0,0,0,0,0
"출생전후기에 기원한 특정병태 (P00-P96)","남자","75 - 79세",0,0,0,0,0
"출생전후기에 기원한 특정병태 (P00-P96)","남자","80세이상",0,0,0,0,0
"출생전후기에 기원한 특정병태 (P00-P96)","남자","80 - 84세",0,0,0,0,0
"출생전후기에 기원한 특정병태 (P00-P96)","남자","85 - 89세",0,0,0,0,0
"출생전후기에 기원한 특정병태 (P00-P96)","남자","90세이상",0,0,0,0,0
"출생전후기에 기원한 특정병태 (P00-P96)","남자","15세 미만",281,234,183,160,163
"출생전후기에 기원한 특정병태 (P00-P96)","남자","15 - 64세",0,0,0,0,1
"출생전후기에 기원한 특정병태 (P00-P96)","남자","65세 이상",0,0,0,0,0
"출생전후기에 기원한 특정병태 (P00-P96)","남자","연령미상",0,0,0,0,0
"출생전후기에 기원한 특정병태 (P00-P96)","여자","0세",193,187,145,148,112
"출생전후기에 기원한 특정병태 (P00-P96)","여자","1 - 4세",2,3,2,1,2
"출생전후기에 기원한 특정병태 (P00-P96)","여자","5 - 9세",0,0,0,0,0
"출생전후기에 기원한 특정병태 (P00-P96)","여자","10 - 14세",0,0,0,0,0
"출생전후기에 기원한 특정병태 (P00-P96)","여자","15 - 19세",0,0,1,0,0
"출생전후기에 기원한 특정병태 (P00-P96)","여자","20 - 24세",0,0,0,0,0
"출생전후기에 기원한 특정병태 (P00-P96)","여자","25 - 29세",0,0,0,0,0
"출생전후기에 기원한 특정병태 (P00-P96)","여자","30 - 34세",0,0,0,0,0
"출생전후기에 기원한 특정병태 (P00-P96)","여자","35 - 39세",0,0,0,0,0
"출생전후기에 기원한 특정병태 (P00-P96)","여자","40 - 44세",0,0,0,0,0
"출생전후기에 기원한 특정병태 (P00-P96)","여자","45 - 49세",0,0,0,0,0
"출생전후기에 기원한 특정병태 (P00-P96)","여자","50 - 54세",0,0,0,0,0
"출생전후기에 기원한 특정병태 (P00-P96)","여자","55 - 59세",0,0,0,0,0
"출생전후기에 기원한 특정병태 (P00-P96)","여자","60 - 64세",0,0,0,0,0
"출생전후기에 기원한 특정병태 (P00-P96)","여자","65 - 69세",0,0,0,0,0
"출생전후기에 기원한 특정병태 (P00-P96)","여자","70 - 74세",0,0,0,0,0
"출생전후기에 기원한 특정병태 (P00-P96)","여자","75 - 79세",0,0,0,0,0
"출생전후기에 기원한 특정병태 (P00-P96)","여자","80세이상",0,0,0,0,0
"출생전후기에 기원한 특정병태 (P00-P96)","여자","80 - 84세",0,0,0,0,0
"출생전후기에 기원한 특정병태 (P00-P96)","여자","85 - 89세",0,0,0,0,0
"출생전후기에 기원한 특정병태 (P00-P96)","여자","90세이상",0,0,0,0,0
"출생전후기에 기원한 특정병태 (P00-P96)","여자","15세 미만",195,190,147,149,114
"출생전후기에 기원한 특정병태 (P00-P96)","여자","15 - 64세",0,0,1,0,0
"출생전후기에 기원한 특정병태 (P00-P96)","여자","65세 이상",0,0,0,0,0
"출생전후기에 기원한 특정병태 (P00-P96)","여자","연령미상",0,0,0,0,0
"선천 기형, 변형 및 염색체 이상 (Q00-Q99)","남자","0세",90,72,56,53,47
"선천 기형, 변형 및 염색체 이상 (Q00-Q99)","남자","1 - 4세",9,9,9,7,9
"선천 기형, 변형 및 염색체 이상 (Q00-Q99)","남자","5 - 9세",7,2,3,1,8
"선천 기형, 변형 및 염색체 이상 (Q00-Q99)","남자","10 - 14세",5,2,3,4,4
"선천 기형, 변형 및 염색체 이상 (Q00-Q99)","남자","15 - 19세",4,5,6,2,6
"선천 기형, 변형 및 염색체 이상 (Q00-Q99)","남자","20 - 24세",4,7,6,8,7
"선천 기형, 변형 및 염색체 이상 (Q00-Q99)","남자","25 - 29세",5,7,5,3,8
"선천 기형, 변형 및 염색체 이상 (Q00-Q99)","남자","30 - 34세",4,5,5,9,7
"선천 기형, 변형 및 염색체 이상 (Q00-Q99)","남자","35 - 39세",0,5,3,5,6
"선천 기형, 변형 및 염색체 이상 (Q00-Q99)","남자","40 - 44세",4,8,8,3,2
"선천 기형, 변형 및 염색체 이상 (Q00-Q99)","남자","45 - 49세",7,4,8,4,4
"선천 기형, 변형 및 염색체 이상 (Q00-Q99)","남자","50 - 54세",11,7,9,14,7
"선천 기형, 변형 및 염색체 이상 (Q00-Q99)","남자","55 - 59세",7,7,9,6,6
"선천 기형, 변형 및 염색체 이상 (Q00-Q99)","남자","60 - 64세",5,6,6,3,7
"선천 기형, 변형 및 염색체 이상 (Q00-Q99)","남자","65 - 69세",1,4,8,9,6
"선천 기형, 변형 및 염색체 이상 (Q00-Q99)","남자","70 - 74세",2,3,8,6,2
"선천 기형, 변형 및 염색체 이상 (Q00-Q99)","남자","75 - 79세",4,4,9,4,4
"선천 기형, 변형 및 염색체 이상 (Q00-Q99)","남자","80세이상",5,6,9,4,8
"선천 기형, 변형 및 염색체 이상 (Q00-Q99)","남자","80 - 84세",1,6,4,0,3
"선천 기형, 변형 및 염색체 이상 (Q00-Q99)","남자","85 - 89세",4,0,3,3,3
"선천 기형, 변형 및 염색체 이상 (Q00-Q99)","남자","90세이상",0,0,2,1,2
"선천 기형, 변형 및 염색체 이상 (Q00-Q99)","남자","15세 미만",111,85,71,65,68
"선천 기형, 변형 및 염색체 이상 (Q00-Q99)","남자","15 - 64세",51,61,65,57,60
"선천 기형, 변형 및 염색체 이상 (Q00-Q99)","남자","65세 이상",12,17,34,23,20
"선천 기형, 변형 및 염색체 이상 (Q00-Q99)","남자","연령미상",0,0,0,0,0
"선천 기형, 변형 및 염색체 이상 (Q00-Q99)","여자","0세",84,67,59,43,50
"선천 기형, 변형 및 염색체 이상 (Q00-Q99)","여자","1 - 4세",18,12,6,8,12
"선천 기형, 변형 및 염색체 이상 (Q00-Q99)","여자","5 - 9세",2,4,2,3,6
"선천 기형, 변형 및 염색체 이상 (Q00-Q99)","여자","10 - 14세",2,3,2,2,7
"선천 기형, 변형 및 염색체 이상 (Q00-Q99)","여자","15 - 19세",4,3,1,3,4
"선천 기형, 변형 및 염색체 이상 (Q00-Q99)","여자","20 - 24세",4,4,8,4,8
"선천 기형, 변형 및 염색체 이상 (Q00-Q99)","여자","25 - 29세",2,1,5,7,4
"선천 기형, 변형 및 염색체 이상 (Q00-Q99)","여자","30 - 34세",6,4,3,3,5
"선천 기형, 변형 및 염색체 이상 (Q00-Q99)","여자","35 - 39세",6,2,4,4,6
"선천 기형, 변형 및 염색체 이상 (Q00-Q99)","여자","40 - 44세",2,0,3,3,0
"선천 기형, 변형 및 염색체 이상 (Q00-Q99)","여자","45 - 49세",5,9,1,3,5
"선천 기형, 변형 및 염색체 이상 (Q00-Q99)","여자","50 - 54세",9,5,2,12,9
"선천 기형, 변형 및 염색체 이상 (Q00-Q99)","여자","55 - 59세",7,3,5,3,4
"선천 기형, 변형 및 염색체 이상 (Q00-Q99)","여자","60 - 64세",8,9,11,8,7
"선천 기형, 변형 및 염색체 이상 (Q00-Q99)","여자","65 - 69세",7,11,2,5,6
"선천 기형, 변형 및 염색체 이상 (Q00-Q99)","여자","70 - 74세",5,4,5,4,6
"선천 기형, 변형 및 염색체 이상 (Q00-Q99)","여자","75 - 79세",3,6,6,6,7
"선천 기형, 변형 및 염색체 이상 (Q00-Q99)","여자","80세이상",11,11,14,14,8
"선천 기형, 변형 및 염색체 이상 (Q00-Q99)","여자","80 - 84세",7,3,8,7,4
"선천 기형, 변형 및 염색체 이상 (Q00-Q99)","여자","85 - 89세",3,6,3,5,1
"선천 기형, 변형 및 염색체 이상 (Q00-Q99)","여자","90세이상",1,2,3,2,3
"선천 기형, 변형 및 염색체 이상 (Q00-Q99)","여자","15세 미만",106,86,69,56,75
"선천 기형, 변형 및 염색체 이상 (Q00-Q99)","여자","15 - 64세",53,40,43,50,52
"선천 기형, 변형 및 염색체 이상 (Q00-Q99)","여자","65세 이상",26,32,27,29,27
"선천 기형, 변형 및 염색체 이상 (Q00-Q99)","여자","연령미상",0,0,0,0,0
"달리 분류되지 않은 증상, 징후 (R00-R99)","남자","0세",92,88,83,71,53
"달리 분류되지 않은 증상, 징후 (R00-R99)","남자","1 - 4세",8,11,12,3,15
"달리 분류되지 않은 증상, 징후 (R00-R99)","남자","5 - 9세",2,3,3,4,7
"달리 분류되지 않은 증상, 징후 (R00-R99)","남자","10 - 14세",2,5,3,4,8
"달리 분류되지 않은 증상, 징후 (R00-R99)","남자","15 - 19세",13,10,8,19,17
"달리 분류되지 않은 증상, 징후 (R00-R99)","남자","20 - 24세",29,23,23,41,24
"달리 분류되지 않은 증상, 징후 (R00-R99)","남자","25 - 29세",49,60,45,46,61
"달리 분류되지 않은 증상, 징후 (R00-R99)","남자","30 - 34세",59,75,55,57,79
"달리 분류되지 않은 증상, 징후 (R00-R99)","남자","35 - 39세",129,123,124,127,141
"달리 분류되지 않은 증상, 징후 (R00-R99)","남자","40 - 44세",216,211,217,231,264
"달리 분류되지 않은 증상, 징후 (R00-R99)","남자","45 - 49세",469,476,468,461,467
"달리 분류되지 않은 증상, 징후 (R00-R99)","남자","50 - 54세",708,674,723,822,746
"달리 분류되지 않은 증상, 징후 (R00-R99)","남자","55 - 59세",895,913,944,937,1034
"달리 분류되지 않은 증상, 징후 (R00-R99)","남자","60 - 64세",892,917,1007,1245,1302
"달리 분류되지 않은 증상, 징후 (R00-R99)","남자","65 - 69세",749,776,865,1175,1162
"달리 분류되지 않은 증상, 징후 (R00-R99)","남자","70 - 74세",893,957,1009,1190,1378
"달리 분류되지 않은 증상, 징후 (R00-R99)","남자","75 - 79세",1664,1570,1762,1911,1956
"달리 분류되지 않은 증상, 징후 (R00-R99)","남자","80세이상",5534,5628,6784,8628,10558
"달리 분류되지 않은 증상, 징후 (R00-R99)","남자","80 - 84세",2181,2262,2569,3173,3720
"달리 분류되지 않은 증상, 징후 (R00-R99)","남자","85 - 89세",1785,1808,2302,3050,3862
"달리 분류되지 않은 증상, 징후 (R00-R99)","남자","90세이상",1568,1558,1913,2405,2976
"달리 분류되지 않은 증상, 징후 (R00-R99)","남자","15세 미만",104,107,101,82,83
"달리 분류되지 않은 증상, 징후 (R00-R99)","남자","15 - 64세",3459,3482,3614,3986,4135
"달리 분류되지 않은 증상, 징후 (R00-R99)","남자","65세 이상",8840,8931,10420,12904,15054
"달리 분류되지 않은 증상, 징후 (R00-R99)","남자","연령미상",11,22,0,0,0
"달리 분류되지 않은 증상, 징후 (R00-R99)","여자","0세",71,60,48,41,38
"달리 분류되지 않은 증상, 징후 (R00-R99)","여자","1 - 4세",10,16,8,5,10
"달리 분류되지 않은 증상, 징후 (R00-R99)","여자","5 - 9세",2,4,3,4,8
"달리 분류되지 않은 증상, 징후 (R00-R99)","여자","10 - 14세",6,5,5,2,3
"달리 분류되지 않은 증상, 징후 (R00-R99)","여자","15 - 19세",9,5,2,7,12
"달리 분류되지 않은 증상, 징후 (R00-R99)","여자","20 - 24세",20,27,19,22,17
"달리 분류되지 않은 증상, 징후 (R00-R99)","여자","25 - 29세",17,19,24,26,16
"달리 분류되지 않은 증상, 징후 (R00-R99)","여자","30 - 34세",22,22,38,33,20
"달리 분류되지 않은 증상, 징후 (R00-R99)","여자","35 - 39세",61,41,43,56,51
"달리 분류되지 않은 증상, 징후 (R00-R99)","여자","40 - 44세",81,77,72,80,89
"달리 분류되지 않은 증상, 징후 (R00-R99)","여자","45 - 49세",103,112,126,125,149
"달리 분류되지 않은 증상, 징후 (R00-R99)","여자","50 - 54세",144,115,124,159,164
"달리 분류되지 않은 증상, 징후 (R00-R99)","여자","55 - 59세",181,194,186,174,196
"달리 분류되지 않은 증상, 징후 (R00-R99)","여자","60 - 64세",212,203,218,255,285
"달리 분류되지 않은 증상, 징후 (R00-R99)","여자","65 - 69세",272,273,280,318,384
"달리 분류되지 않은 증상, 징후 (R00-R99)","여자","70 - 74세",460,442,461,551,621
"달리 분류되지 않은 증상, 징후 (R00-R99)","여자","75 - 79세",1259,1208,1212,1342,1430
"달리 분류되지 않은 증상, 징후 (R00-R99)","여자","80세이상",13119,12804,14792,17654,21268
"달리 분류되지 않은 증상, 징후 (R00-R99)","여자","80 - 84세",2566,2610,2800,3237,3708
"달리 분류되지 않은 증상, 징후 (R00-R99)","여자","85 - 89세",4086,3821,4501,5529,6461
"달리 분류되지 않은 증상, 징후 (R00-R99)","여자","90세이상",6467,6373,7491,8888,11099
"달리 분류되지 않은 증상, 징후 (R00-R99)","여자","15세 미만",89,85,64,52,59
"달리 분류되지 않은 증상, 징후 (R00-R99)","여자","15 - 64세",850,815,852,937,999
"달리 분류되지 않은 증상, 징후 (R00-R99)","여자","65세 이상",15110,14727,16745,19865,23703
"달리 분류되지 않은 증상, 징후 (R00-R99)","여자","연령미상",3,7,5,7,5
"질병이환 및 사망의 외인 (V01-Y89, U12)","남자","0세",26,35,36,34,29
"질병이환 및 사망의 외인 (V01-Y89, U12)","남자","1 - 4세",38,40,32,31,23
"질병이환 및 사망의 외인 (V01-Y89, U12)","남자","5 - 9세",34,39,33,21,30
"질병이환 및 사망의 외인 (V01-Y89, U12)","남자","10 - 14세",50,42,53,62,68
"질병이환 및 사망의 외인 (V01-Y89, U12)","남자","15 - 19세",251,234,254,228,216
"질병이환 및 사망의 외인 (V01-Y89, U12)","남자","20 - 24세",510,473,467,491,429
"질병이환 및 사망의 외인 (V01-Y89, U12)","남자","25 - 29세",651,640,708,811,745
"질병이환 및 사망의 외인 (V01-Y89, U12)","남자","30 - 34세",729,656,673,696,715
"질병이환 및 사망의 외인 (V01-Y89, U12)","남자","35 - 39세",1080,1002,932,833,758
"질병이환 및 사망의 외인 (V01-Y89, U12)","남자","40 - 44세",1186,1078,1025,1035,1022
"질병이환 및 사망의 외인 (V01-Y89, U12)","남자","45 - 49세",1713,1606,1404,1259,1250
"질병이환 및 사망의 외인 (V01-Y89, U12)","남자","50 - 54세",1830,1815,1573,1526,1570
"질병이환 및 사망의 외인 (V01-Y89, U12)","남자","55 - 59세",2213,2081,1945,1747,1700
"질병이환 및 사망의 외인 (V01-Y89, U12)","남자","60 - 64세",1915,2012,1873,1874,1876
"질병이환 및 사망의 외인 (V01-Y89, U12)","남자","65 - 69세",1525,1467,1501,1479,1683
"질병이환 및 사망의 외인 (V01-Y89, U12)","남자","70 - 74세",1371,1394,1381,1400,1428
"질병이환 및 사망의 외인 (V01-Y89, U12)","남자","75 - 79세",1849,1670,1522,1507,1448
"질병이환 및 사망의 외인 (V01-Y89, U12)","남자","80세이상",2520,2602,2620,2755,3233
"질병이환 및 사망의 외인 (V01-Y89, U12)","남자","80 - 84세",1425,1498,1457,1501,1713
"질병이환 및 사망의 외인 (V01-Y89, U12)","남자","85 - 89세",738,752,811,844,1051
"질병이환 및 사망의 외인 (V01-Y89, U12)","남자","90세이상",357,352,352,410,469
"질병이환 및 사망의 외인 (V01-Y89, U12)","남자","15세 미만",148,156,154,148,150
"질병이환 및 사망의 외인 (V01-Y89, U12)","남자","15 - 64세",12078,11597,10854,10500,10281
"질병이환 및 사망의 외인 (V01-Y89, U12)","남자","65세 이상",7265,7133,7024,7141,7792
"질병이환 및 사망의 외인 (V01-Y89, U12)","남자","연령미상",2,10,0,0,0
"질병이환 및 사망의 외인 (V01-Y89, U12)","여자","0세",16,16,20,21,24
"질병이환 및 사망의 외인 (V01-Y89, U12)","여자","1 - 4세",30,35,20,24,19
"질병이환 및 사망의 외인 (V01-Y89, U12)","여자","5 - 9세",22,29,23,20,12
"질병이환 및 사망의 외인 (V01-Y89, U12)","여자","10 - 14세",37,36,33,49,48
"질병이환 및 사망의 외인 (V01-Y89, U12)","여자","15 - 19세",147,159,144,142,140
"질병이환 및 사망의 외인 (V01-Y89, U12)","여자","20 - 24세",267,318,346,332,317
"질병이환 및 사망의 외인 (V01-Y89, U12)","여자","25 - 29세",270,312,372,383,380
"질병이환 및 사망의 외인 (V01-Y89, U12)","여자","30 - 34세",349,340,324,373,309
"질병이환 및 사망의 외인 (V01-Y89, U12)","여자","35 - 39세",428,465,426,404,332
"질병이환 및 사망의 외인 (V01-Y89, U12)","여자","40 - 44세",431,401,421,397,455
"질병이환 및 사망의 외인 (V01-Y89, U12)","여자","45 - 49세",514,513,462,444,440
"질병이환 및 사망의 외인 (V01-Y89, U12)","여자","50 - 54세",474,455,490,514,500
"질병이환 및 사망의 외인 (V01-Y89, U12)","여자","55 - 59세",569,568,508,475,432
"질병이환 및 사망의 외인 (V01-Y89, U12)","여자","60 - 64세",460,464,560,486,491
"질병이환 및 사망의 외인 (V01-Y89, U12)","여자","65 - 69세",450,442,466,429,501
"질병이환 및 사망의 외인 (V01-Y89, U12)","여자","70 - 74세",562,519,453,527,468
"질병이환 및 사망의 외인 (V01-Y89, U12)","여자","75 - 79세",923,815,669,744,658
"질병이환 및 사망의 외인 (V01-Y89, U12)","여자","80세이상",2597,2499,2673,2593,2938
"질병이환 및 사망의 외인 (V01-Y89, U12)","여자","80 - 84세",988,904,961,896,1004
"질병이환 및 사망의 외인 (V01-Y89, U12)","여자","85 - 89세",850,821,915,852,983
"질병이환 및 사망의 외인 (V01-Y89, U12)","여자","90세이상",759,774,797,845,951
"질병이환 및 사망의 외인 (V01-Y89, U12)","여자","15세 미만",105,116,96,114,103
"질병이환 및 사망의 외인 (V01-Y89, U12)","여자","15 - 64세",3909,3995,4053,3950,3796
"질병이환 및 사망의 외인 (V01-Y89, U12)","여자","65세 이상",4532,4275,4261,4293,4565
"질병이환 및 사망의 외인 (V01-Y89, U12)","여자","연령미상",1,0,0,1,1
